DAO Name,DAO Token Supply,Offchain?,Proposal ID,Proposal Date Created,Proposal Date Start,Proposal Date End,Proposal Author,Proposal Choices,Voter Address,Voter Choice,Voter Power,Voter Reason,Transaction Hash
Curve (CRV),1832851881.415794,1,0x0eb23ea0b877666ad3ddcd0d7da0114acdfe5ae6390b5628b7509f4338022db5,1651258413,1651258228,1651862400,0xa2026e62BfD1f1A2d8b89a19f3fA0ba42B52F0BF,"['Yes', 'No']",0x800Ed249c34Ffc7A104fdC01b13F9913e3344CC9,1,869.3018202516647,,
Curve (CRV),1832851881.415794,1,0x0eb23ea0b877666ad3ddcd0d7da0114acdfe5ae6390b5628b7509f4338022db5,1651258413,1651258228,1651862400,0xa2026e62BfD1f1A2d8b89a19f3fA0ba42B52F0BF,"['Yes', 'No']",0x082B9B776E5d0b1771594676D12619F479B0a69c,1,8.409960257873916,,
Curve (CRV),1832851881.415794,1,0x0eb23ea0b877666ad3ddcd0d7da0114acdfe5ae6390b5628b7509f4338022db5,1651258413,1651258228,1651862400,0xa2026e62BfD1f1A2d8b89a19f3fA0ba42B52F0BF,"['Yes', 'No']",0x71A1dF0d820d29c784C04865904492aC38801A04,2,1809.940456334759,,
Curve (CRV),1832851881.415794,1,0x0eb23ea0b877666ad3ddcd0d7da0114acdfe5ae6390b5628b7509f4338022db5,1651258413,1651258228,1651862400,0xa2026e62BfD1f1A2d8b89a19f3fA0ba42B52F0BF,"['Yes', 'No']",0x481bb04f60DD1F7d6EC0A3611ed8023e618697CB,2,0.09864649757954576,,
Curve (CRV),1832851881.415794,1,0x0eb23ea0b877666ad3ddcd0d7da0114acdfe5ae6390b5628b7509f4338022db5,1651258413,1651258228,1651862400,0xa2026e62BfD1f1A2d8b89a19f3fA0ba42B52F0BF,"['Yes', 'No']",0xaF9655eD0b27A2143bd4F099f9f2F1CF3c6DCC6F,2,19.754226726674084,,
Curve (CRV),1832851881.415794,1,0x0eb23ea0b877666ad3ddcd0d7da0114acdfe5ae6390b5628b7509f4338022db5,1651258413,1651258228,1651862400,0xa2026e62BfD1f1A2d8b89a19f3fA0ba42B52F0BF,"['Yes', 'No']",0x0BF93eA5a1FA4CE3Dd22C7ffd314462d3869777F,2,45.758802074458075,,
Curve (CRV),1832851881.415794,1,0x0eb23ea0b877666ad3ddcd0d7da0114acdfe5ae6390b5628b7509f4338022db5,1651258413,1651258228,1651862400,0xa2026e62BfD1f1A2d8b89a19f3fA0ba42B52F0BF,"['Yes', 'No']",0x852E45eD1a6502406Af4c409DF4e0Eef3CC0A0E3,2,450.29816081619197,,
Curve (CRV),1832851881.415794,1,0x0eb23ea0b877666ad3ddcd0d7da0114acdfe5ae6390b5628b7509f4338022db5,1651258413,1651258228,1651862400,0xa2026e62BfD1f1A2d8b89a19f3fA0ba42B52F0BF,"['Yes', 'No']",0xfd6a653F95fB5BbFFC0F8478f5C198376214c6A3,2,24.968811232752817,,
Curve (CRV),1832851881.415794,1,0x0eb23ea0b877666ad3ddcd0d7da0114acdfe5ae6390b5628b7509f4338022db5,1651258413,1651258228,1651862400,0xa2026e62BfD1f1A2d8b89a19f3fA0ba42B52F0BF,"['Yes', 'No']",0x4e15aC6D5F8A6b5c5a84436955C9f38F4195Bf61,2,107.49038801358574,,
Curve (CRV),1832851881.415794,1,0x0eb23ea0b877666ad3ddcd0d7da0114acdfe5ae6390b5628b7509f4338022db5,1651258413,1651258228,1651862400,0xa2026e62BfD1f1A2d8b89a19f3fA0ba42B52F0BF,"['Yes', 'No']",0xaCE1f1c6c5c89AE3Fc3209ff92e7120fb74445aA,1,81.77323445928363,,
Curve (CRV),1832851881.415794,1,0x0eb23ea0b877666ad3ddcd0d7da0114acdfe5ae6390b5628b7509f4338022db5,1651258413,1651258228,1651862400,0xa2026e62BfD1f1A2d8b89a19f3fA0ba42B52F0BF,"['Yes', 'No']",0x5a756d9C7cAA740E0342f755fa8Ad32e6F83726b,2,9.672868943379525,,
Curve (CRV),1832851881.415794,1,0x0eb23ea0b877666ad3ddcd0d7da0114acdfe5ae6390b5628b7509f4338022db5,1651258413,1651258228,1651862400,0xa2026e62BfD1f1A2d8b89a19f3fA0ba42B52F0BF,"['Yes', 'No']",0x4796E4aFD565e43B7267F1688ec09B6A246cB5fc,2,93.24945852247475,,
Curve (CRV),1832851881.415794,1,0x0eb23ea0b877666ad3ddcd0d7da0114acdfe5ae6390b5628b7509f4338022db5,1651258413,1651258228,1651862400,0xa2026e62BfD1f1A2d8b89a19f3fA0ba42B52F0BF,"['Yes', 'No']",0x7A4C76231dF9fFC2E95d4A247d05e4d954E21ACA,2,7.515334696815381,,
Curve (CRV),1832851881.415794,1,0x0eb23ea0b877666ad3ddcd0d7da0114acdfe5ae6390b5628b7509f4338022db5,1651258413,1651258228,1651862400,0xa2026e62BfD1f1A2d8b89a19f3fA0ba42B52F0BF,"['Yes', 'No']",0x4fdcD0496F4c2D3629C0741626DE74d24A683E50,2,185.09129726980044,,
Curve (CRV),1832851881.415794,1,0x0eb23ea0b877666ad3ddcd0d7da0114acdfe5ae6390b5628b7509f4338022db5,1651258413,1651258228,1651862400,0xa2026e62BfD1f1A2d8b89a19f3fA0ba42B52F0BF,"['Yes', 'No']",0x0F086D4cA0713B673b9D949b45277644b076e6c8,2,452.330299419816,,
Curve (CRV),1832851881.415794,1,0x0eb23ea0b877666ad3ddcd0d7da0114acdfe5ae6390b5628b7509f4338022db5,1651258413,1651258228,1651862400,0xa2026e62BfD1f1A2d8b89a19f3fA0ba42B52F0BF,"['Yes', 'No']",0xaBe780bDc3872B4DEC16bD44B2bB999f9151aE28,2,6081.330666326376,,
Curve (CRV),1832851881.415794,1,0x0eb23ea0b877666ad3ddcd0d7da0114acdfe5ae6390b5628b7509f4338022db5,1651258413,1651258228,1651862400,0xa2026e62BfD1f1A2d8b89a19f3fA0ba42B52F0BF,"['Yes', 'No']",0x0056D1fd2ca3c0F3A7B6ed6CDd1F1F104B4BF9A9,2,493.8051116184586,,
Curve (CRV),1832851881.415794,1,0x0eb23ea0b877666ad3ddcd0d7da0114acdfe5ae6390b5628b7509f4338022db5,1651258413,1651258228,1651862400,0xa2026e62BfD1f1A2d8b89a19f3fA0ba42B52F0BF,"['Yes', 'No']",0xB9b93bF2DB3678b010E71Ef701d763Aee144E93E,1,0.007083827761808002,,
Curve (CRV),1832851881.415794,1,0x0eb23ea0b877666ad3ddcd0d7da0114acdfe5ae6390b5628b7509f4338022db5,1651258413,1651258228,1651862400,0xa2026e62BfD1f1A2d8b89a19f3fA0ba42B52F0BF,"['Yes', 'No']",0xF814a8e1607Aa1d1a33F42a4c9B3b67eAdCE45bD,2,28.517960467467404,,
Curve (CRV),1832851881.415794,1,0x0eb23ea0b877666ad3ddcd0d7da0114acdfe5ae6390b5628b7509f4338022db5,1651258413,1651258228,1651862400,0xa2026e62BfD1f1A2d8b89a19f3fA0ba42B52F0BF,"['Yes', 'No']",0xa35709FfA7D247CD5F36466b632b66d909d81beB,1,19.921080352509488,,
Curve (CRV),1832851881.415794,1,0x0eb23ea0b877666ad3ddcd0d7da0114acdfe5ae6390b5628b7509f4338022db5,1651258413,1651258228,1651862400,0xa2026e62BfD1f1A2d8b89a19f3fA0ba42B52F0BF,"['Yes', 'No']",0xA7057246EC3ABc7Dbb6E90C66Ded4f0Fa998a7FD,2,0.4956297484199877,,
Curve (CRV),1832851881.415794,1,0x0eb23ea0b877666ad3ddcd0d7da0114acdfe5ae6390b5628b7509f4338022db5,1651258413,1651258228,1651862400,0xa2026e62BfD1f1A2d8b89a19f3fA0ba42B52F0BF,"['Yes', 'No']",0x5804dA1EA4D78fF668c66e3Da6B4A69F2f856E1f,2,0.4932324881466021,,
Curve (CRV),1832851881.415794,1,0x0eb23ea0b877666ad3ddcd0d7da0114acdfe5ae6390b5628b7509f4338022db5,1651258413,1651258228,1651862400,0xa2026e62BfD1f1A2d8b89a19f3fA0ba42B52F0BF,"['Yes', 'No']",0x3b90C65Df73b6C52bbA30FC0c6e6bCfa03a05420,2,0.4956297484199877,,
Curve (CRV),1832851881.415794,1,0x0eb23ea0b877666ad3ddcd0d7da0114acdfe5ae6390b5628b7509f4338022db5,1651258413,1651258228,1651862400,0xa2026e62BfD1f1A2d8b89a19f3fA0ba42B52F0BF,"['Yes', 'No']",0x662c3daD44Af853c6EF7bCA34DCabBE5506c07AB,2,0.04956297475446976,,
Curve (CRV),1832851881.415794,1,0x0eb23ea0b877666ad3ddcd0d7da0114acdfe5ae6390b5628b7509f4338022db5,1651258413,1651258228,1651862400,0xa2026e62BfD1f1A2d8b89a19f3fA0ba42B52F0BF,"['Yes', 'No']",0x7d88245cF45dfF1A1b74ba7F062d80E371195908,2,0.9912594969650168,,
Curve (CRV),1832851881.415794,1,0x0eb23ea0b877666ad3ddcd0d7da0114acdfe5ae6390b5628b7509f4338022db5,1651258413,1651258228,1651862400,0xa2026e62BfD1f1A2d8b89a19f3fA0ba42B52F0BF,"['Yes', 'No']",0x7614F953f55078EA433a8250f5DAe2BBd0074DBA,2,0.9912594969650168,,
Curve (CRV),1832851881.415794,1,0x0eb23ea0b877666ad3ddcd0d7da0114acdfe5ae6390b5628b7509f4338022db5,1651258413,1651258228,1651862400,0xa2026e62BfD1f1A2d8b89a19f3fA0ba42B52F0BF,"['Yes', 'No']",0x6e88057cBa6cF0e72BE4cFd67579adC632f79951,2,0.9912594969650168,,
Curve (CRV),1832851881.415794,1,0x0eb23ea0b877666ad3ddcd0d7da0114acdfe5ae6390b5628b7509f4338022db5,1651258413,1651258228,1651862400,0xa2026e62BfD1f1A2d8b89a19f3fA0ba42B52F0BF,"['Yes', 'No']",0xB72eD8401892466Ea8aF528C1af1d0524bc5e105,1,1161.7306687281418,,
Curve (CRV),1832851881.415794,1,0x0eb23ea0b877666ad3ddcd0d7da0114acdfe5ae6390b5628b7509f4338022db5,1651258413,1651258228,1651862400,0xa2026e62BfD1f1A2d8b89a19f3fA0ba42B52F0BF,"['Yes', 'No']",0x7148a51742F2A9871Bc632Fc974C4e62Ce8CD9Df,2,237.88075484303425,,
Curve (CRV),1832851881.415794,1,0x0eb23ea0b877666ad3ddcd0d7da0114acdfe5ae6390b5628b7509f4338022db5,1651258413,1651258228,1651862400,0xa2026e62BfD1f1A2d8b89a19f3fA0ba42B52F0BF,"['Yes', 'No']",0x6e3DBB9b1862E110E22E40E63022cD6cdF345005,1,44.96180645549547,,
Curve (CRV),1832851881.415794,1,0x0eb23ea0b877666ad3ddcd0d7da0114acdfe5ae6390b5628b7509f4338022db5,1651258413,1651258228,1651862400,0xa2026e62BfD1f1A2d8b89a19f3fA0ba42B52F0BF,"['Yes', 'No']",0x21d79c2Be4ab3de2802a60Da66f86D497D06102B,1,2175.1576480362182,,
Curve (CRV),1832851881.415794,1,0x0eb23ea0b877666ad3ddcd0d7da0114acdfe5ae6390b5628b7509f4338022db5,1651258413,1651258228,1651862400,0xa2026e62BfD1f1A2d8b89a19f3fA0ba42B52F0BF,"['Yes', 'No']",0x6Dce215F5D0209Bee096fb5147C423344D10553b,2,153.18585299294665,,
Curve (CRV),1832851881.415794,1,0x0eb23ea0b877666ad3ddcd0d7da0114acdfe5ae6390b5628b7509f4338022db5,1651258413,1651258228,1651862400,0xa2026e62BfD1f1A2d8b89a19f3fA0ba42B52F0BF,"['Yes', 'No']",0xb74125Df13CB9194D93d8b62e0DB30352f2B8001,1,508.9227559138887,,
Curve (CRV),1832851881.415794,1,0x0eb23ea0b877666ad3ddcd0d7da0114acdfe5ae6390b5628b7509f4338022db5,1651258413,1651258228,1651862400,0xa2026e62BfD1f1A2d8b89a19f3fA0ba42B52F0BF,"['Yes', 'No']",0xE3053cDe2124eAA6103DddE8E5c6BD36c66F716E,2,8565.115984727701,,
Curve (CRV),1832851881.415794,1,0x0eb23ea0b877666ad3ddcd0d7da0114acdfe5ae6390b5628b7509f4338022db5,1651258413,1651258228,1651862400,0xa2026e62BfD1f1A2d8b89a19f3fA0ba42B52F0BF,"['Yes', 'No']",0x01AB07010c2F4bf5971537669Cc19d5D8Cf320A0,2,1092.7847314938579,,
Curve (CRV),1832851881.415794,1,0x0eb23ea0b877666ad3ddcd0d7da0114acdfe5ae6390b5628b7509f4338022db5,1651258413,1651258228,1651862400,0xa2026e62BfD1f1A2d8b89a19f3fA0ba42B52F0BF,"['Yes', 'No']",0x7F85Cf44E446a4B1AaCe2A28774E88cd6d4e3441,1,6323.913285981587,,
Curve (CRV),1832851881.415794,1,0x0eb23ea0b877666ad3ddcd0d7da0114acdfe5ae6390b5628b7509f4338022db5,1651258413,1651258228,1651862400,0xa2026e62BfD1f1A2d8b89a19f3fA0ba42B52F0BF,"['Yes', 'No']",0x7Ee567D2AC5dca4c422281Deb1e2334a805BA6C1,2,3.8725389318055354,,
Curve (CRV),1832851881.415794,1,0x0eb23ea0b877666ad3ddcd0d7da0114acdfe5ae6390b5628b7509f4338022db5,1651258413,1651258228,1651862400,0xa2026e62BfD1f1A2d8b89a19f3fA0ba42B52F0BF,"['Yes', 'No']",0x6A62a664974939513f165703e76Ab8E16aC8eB17,1,6.67256592682799,,
Curve (CRV),1832851881.415794,1,0x0eb23ea0b877666ad3ddcd0d7da0114acdfe5ae6390b5628b7509f4338022db5,1651258413,1651258228,1651862400,0xa2026e62BfD1f1A2d8b89a19f3fA0ba42B52F0BF,"['Yes', 'No']",0x393EaA4CfCcEA60866dEc70445187086913B1D0b,2,17.66022573845522,,
Curve (CRV),1832851881.415794,1,0x0eb23ea0b877666ad3ddcd0d7da0114acdfe5ae6390b5628b7509f4338022db5,1651258413,1651258228,1651862400,0xa2026e62BfD1f1A2d8b89a19f3fA0ba42B52F0BF,"['Yes', 'No']",0x766C64d809056fbB492FdB410A6B4857C015619A,2,330.44562333601726,,
Curve (CRV),1832851881.415794,1,0x0eb23ea0b877666ad3ddcd0d7da0114acdfe5ae6390b5628b7509f4338022db5,1651258413,1651258228,1651862400,0xa2026e62BfD1f1A2d8b89a19f3fA0ba42B52F0BF,"['Yes', 'No']",0x6535111A99894b69dE482962D6F467FdC3212f5F,2,0.9912594969650168,,
Curve (CRV),1832851881.415794,1,0x0eb23ea0b877666ad3ddcd0d7da0114acdfe5ae6390b5628b7509f4338022db5,1651258413,1651258228,1651862400,0xa2026e62BfD1f1A2d8b89a19f3fA0ba42B52F0BF,"['Yes', 'No']",0x9d7f7C44fD615b9f007d6f924499398ae71acaAc,2,0.23851977102698482,,
Curve (CRV),1832851881.415794,1,0x0eb23ea0b877666ad3ddcd0d7da0114acdfe5ae6390b5628b7509f4338022db5,1651258413,1651258228,1651862400,0xa2026e62BfD1f1A2d8b89a19f3fA0ba42B52F0BF,"['Yes', 'No']",0xf05e75e42272Ec60ba6157d647924FD2de7a9495,1,1742.989805575716,,
Curve (CRV),1832851881.415794,1,0x0eb23ea0b877666ad3ddcd0d7da0114acdfe5ae6390b5628b7509f4338022db5,1651258413,1651258228,1651862400,0xa2026e62BfD1f1A2d8b89a19f3fA0ba42B52F0BF,"['Yes', 'No']",0xd42627f3AAA1b80160414B329bfE7D6Aad770991,1,1.3175919796020548,,
Curve (CRV),1832851881.415794,1,0x0eb23ea0b877666ad3ddcd0d7da0114acdfe5ae6390b5628b7509f4338022db5,1651258413,1651258228,1651862400,0xa2026e62BfD1f1A2d8b89a19f3fA0ba42B52F0BF,"['Yes', 'No']",0x8AB38A0B4410a1cbb1Aa6828Eb948F4942F21Fb9,2,10580.787430444409,,
Curve (CRV),1832851881.415794,1,0x0eb23ea0b877666ad3ddcd0d7da0114acdfe5ae6390b5628b7509f4338022db5,1651258413,1651258228,1651862400,0xa2026e62BfD1f1A2d8b89a19f3fA0ba42B52F0BF,"['Yes', 'No']",0xaE139be36A9AaF91af8F719740cE3a2F7102E66e,2,5.267338192777252,,
Curve (CRV),1832851881.415794,1,0x0eb23ea0b877666ad3ddcd0d7da0114acdfe5ae6390b5628b7509f4338022db5,1651258413,1651258228,1651862400,0xa2026e62BfD1f1A2d8b89a19f3fA0ba42B52F0BF,"['Yes', 'No']",0x25e5Fd18E791077c5c656D060D6314Ab56cb9C33,2,5.531143250618337,,
Curve (CRV),1832851881.415794,1,0x0eb23ea0b877666ad3ddcd0d7da0114acdfe5ae6390b5628b7509f4338022db5,1651258413,1651258228,1651862400,0xa2026e62BfD1f1A2d8b89a19f3fA0ba42B52F0BF,"['Yes', 'No']",0xed06079B23De039d01C01D7E295Fc119D1D9d497,1,1653.720002963316,,
Curve (CRV),1832851881.415794,1,0x0eb23ea0b877666ad3ddcd0d7da0114acdfe5ae6390b5628b7509f4338022db5,1651258413,1651258228,1651862400,0xa2026e62BfD1f1A2d8b89a19f3fA0ba42B52F0BF,"['Yes', 'No']",0x856DC4a12f08AFA49f42B52F81769A96505f312C,2,1.9921080351504319,,
Curve (CRV),1832851881.415794,1,0x0eb23ea0b877666ad3ddcd0d7da0114acdfe5ae6390b5628b7509f4338022db5,1651258413,1651258228,1651862400,0xa2026e62BfD1f1A2d8b89a19f3fA0ba42B52F0BF,"['Yes', 'No']",0x25aD2667B19e866109c1a93102b816730a6Aec3f,1,1.694847761194371,,
Curve (CRV),1832851881.415794,1,0x0eb23ea0b877666ad3ddcd0d7da0114acdfe5ae6390b5628b7509f4338022db5,1651258413,1651258228,1651862400,0xa2026e62BfD1f1A2d8b89a19f3fA0ba42B52F0BF,"['Yes', 'No']",0x014607F2d6477bADD9d74bF2c5D6356e29a9b957,2,2.542271641845005,,
Curve (CRV),1832851881.415794,1,0x0eb23ea0b877666ad3ddcd0d7da0114acdfe5ae6390b5628b7509f4338022db5,1651258413,1651258228,1651862400,0xa2026e62BfD1f1A2d8b89a19f3fA0ba42B52F0BF,"['Yes', 'No']",0x65Bc72F5e5DAeFE930F1B468fC73EC96b0228956,2,0.7467389490488409,,
Curve (CRV),1832851881.415794,1,0x0eb23ea0b877666ad3ddcd0d7da0114acdfe5ae6390b5628b7509f4338022db5,1651258413,1651258228,1651862400,0xa2026e62BfD1f1A2d8b89a19f3fA0ba42B52F0BF,"['Yes', 'No']",0xE985A1A1248b995266869258CD965F1dE11111EC,1,56.02785358542091,,
Curve (CRV),1832851881.415794,1,0x0eb23ea0b877666ad3ddcd0d7da0114acdfe5ae6390b5628b7509f4338022db5,1651258413,1651258228,1651862400,0xa2026e62BfD1f1A2d8b89a19f3fA0ba42B52F0BF,"['Yes', 'No']",0x8a2e722c2f167283E38FFee0Ee5F1a035596915f,1,187.2250902956477,,
Curve (CRV),1832851881.415794,1,0x0eb23ea0b877666ad3ddcd0d7da0114acdfe5ae6390b5628b7509f4338022db5,1651258413,1651258228,1651862400,0xa2026e62BfD1f1A2d8b89a19f3fA0ba42B52F0BF,"['Yes', 'No']",0x9796b9443A3FFbc60eAB64F33E368CC19ebA4F33,1,74.02379564037474,,
Curve (CRV),1832851881.415794,1,0x0eb23ea0b877666ad3ddcd0d7da0114acdfe5ae6390b5628b7509f4338022db5,1651258413,1651258228,1651862400,0xa2026e62BfD1f1A2d8b89a19f3fA0ba42B52F0BF,"['Yes', 'No']",0x48f88A8D8e4a9dFF33C0A4D857a81A189C2d6e07,1,142.79135924015586,,
Curve (CRV),1832851881.415794,1,0x0eb23ea0b877666ad3ddcd0d7da0114acdfe5ae6390b5628b7509f4338022db5,1651258413,1651258228,1651862400,0xa2026e62BfD1f1A2d8b89a19f3fA0ba42B52F0BF,"['Yes', 'No']",0x1d5E65a087eBc3d03a294412E46CE5D6882969f4,2,483643.4457418699,,
Curve (CRV),1832851881.415794,1,0x0eb23ea0b877666ad3ddcd0d7da0114acdfe5ae6390b5628b7509f4338022db5,1651258413,1651258228,1651862400,0xa2026e62BfD1f1A2d8b89a19f3fA0ba42B52F0BF,"['Yes', 'No']",0xd9293636EE3Aa663fc563ADB0912B0705dAfb62c,1,13.964864223757903,,
Curve (CRV),1832851881.415794,1,0x0eb23ea0b877666ad3ddcd0d7da0114acdfe5ae6390b5628b7509f4338022db5,1651258413,1651258228,1651862400,0xa2026e62BfD1f1A2d8b89a19f3fA0ba42B52F0BF,"['Yes', 'No']",0xec13489D022102dDE8234d8C22b25b0BEd2E7B54,1,34.56341780376598,,
Curve (CRV),1832851881.415794,1,0x0eb23ea0b877666ad3ddcd0d7da0114acdfe5ae6390b5628b7509f4338022db5,1651258413,1651258228,1651862400,0xa2026e62BfD1f1A2d8b89a19f3fA0ba42B52F0BF,"['Yes', 'No']",0x7a113bAFf3dA1833CBc3cCf642754C35e8e430a5,2,56.41456233524047,,
Curve (CRV),1832851881.415794,1,0x0eb23ea0b877666ad3ddcd0d7da0114acdfe5ae6390b5628b7509f4338022db5,1651258413,1651258228,1651862400,0xa2026e62BfD1f1A2d8b89a19f3fA0ba42B52F0BF,"['Yes', 'No']",0x2C17c733CeFC0e618850B546d9df53cdbFa29725,1,4.9323248825859505,,
Curve (CRV),1832851881.415794,1,0x0eb23ea0b877666ad3ddcd0d7da0114acdfe5ae6390b5628b7509f4338022db5,1651258413,1651258228,1651862400,0xa2026e62BfD1f1A2d8b89a19f3fA0ba42B52F0BF,"['Yes', 'No']",0x4572581Fc62D4477B9E11bb65eA8a1c306CbBa3D,2,8541.12333617856,,
Curve (CRV),1832851881.415794,1,0x0eb23ea0b877666ad3ddcd0d7da0114acdfe5ae6390b5628b7509f4338022db5,1651258413,1651258228,1651862400,0xa2026e62BfD1f1A2d8b89a19f3fA0ba42B52F0BF,"['Yes', 'No']",0xC54570b8EB8138aCE95132b944b7b6Bb391976Dc,2,6146.925534348806,,
Curve (CRV),1832851881.415794,1,0x0eb23ea0b877666ad3ddcd0d7da0114acdfe5ae6390b5628b7509f4338022db5,1651258413,1651258228,1651862400,0xa2026e62BfD1f1A2d8b89a19f3fA0ba42B52F0BF,"['Yes', 'No']",0xFAdE7dEF5CC017c098a2D47DB1F043c6123F968C,1,0.4956297484199877,,
Curve (CRV),1832851881.415794,1,0x0eb23ea0b877666ad3ddcd0d7da0114acdfe5ae6390b5628b7509f4338022db5,1651258413,1651258228,1651862400,0xa2026e62BfD1f1A2d8b89a19f3fA0ba42B52F0BF,"['Yes', 'No']",0xf54B888D7174DC9B5f17B14d9A7b3EF5A6027748,1,0.4956297484199877,,
Curve (CRV),1832851881.415794,1,0x0eb23ea0b877666ad3ddcd0d7da0114acdfe5ae6390b5628b7509f4338022db5,1651258413,1651258228,1651862400,0xa2026e62BfD1f1A2d8b89a19f3fA0ba42B52F0BF,"['Yes', 'No']",0x8b918C0ABD57888E1E5e7862B20Cb6AEAdDf54E2,1,0.4956297484199877,,
Curve (CRV),1832851881.415794,1,0x0eb23ea0b877666ad3ddcd0d7da0114acdfe5ae6390b5628b7509f4338022db5,1651258413,1651258228,1651862400,0xa2026e62BfD1f1A2d8b89a19f3fA0ba42B52F0BF,"['Yes', 'No']",0x0b3240851E92FFc80e837f53Aa7560CBE1290F57,1,0.4956297484199877,,
Curve (CRV),1832851881.415794,1,0x0eb23ea0b877666ad3ddcd0d7da0114acdfe5ae6390b5628b7509f4338022db5,1651258413,1651258228,1651862400,0xa2026e62BfD1f1A2d8b89a19f3fA0ba42B52F0BF,"['Yes', 'No']",0x7eE58c703c3a93838b2e86639fEe62d3815b6bac,1,0.4932324881466021,,
Curve (CRV),1832851881.415794,1,0x0eb23ea0b877666ad3ddcd0d7da0114acdfe5ae6390b5628b7509f4338022db5,1651258413,1651258228,1651862400,0xa2026e62BfD1f1A2d8b89a19f3fA0ba42B52F0BF,"['Yes', 'No']",0x4c8067Db4933e00e9b7638D3D66d2B58181887C1,1,0.4932324881466021,,
Curve (CRV),1832851881.415794,1,0x0eb23ea0b877666ad3ddcd0d7da0114acdfe5ae6390b5628b7509f4338022db5,1651258413,1651258228,1651862400,0xa2026e62BfD1f1A2d8b89a19f3fA0ba42B52F0BF,"['Yes', 'No']",0x9AF46BeC9987a7F71A60E53f846747E7ab522D8d,1,0.4932324881466021,,
Curve (CRV),1832851881.415794,1,0x0eb23ea0b877666ad3ddcd0d7da0114acdfe5ae6390b5628b7509f4338022db5,1651258413,1651258228,1651862400,0xa2026e62BfD1f1A2d8b89a19f3fA0ba42B52F0BF,"['Yes', 'No']",0x4dbfce0D1e297524631B6a26852572380Cd56aAD,1,0.4932324881466021,,
Curve (CRV),1832851881.415794,1,0x0eb23ea0b877666ad3ddcd0d7da0114acdfe5ae6390b5628b7509f4338022db5,1651258413,1651258228,1651862400,0xa2026e62BfD1f1A2d8b89a19f3fA0ba42B52F0BF,"['Yes', 'No']",0x49b3D93D811d33798401Be37677E523BDBbE1708,1,0.6420745851851742,,
Curve (CRV),1832851881.415794,1,0x0eb23ea0b877666ad3ddcd0d7da0114acdfe5ae6390b5628b7509f4338022db5,1651258413,1651258228,1651862400,0xa2026e62BfD1f1A2d8b89a19f3fA0ba42B52F0BF,"['Yes', 'No']",0x4d477F1aabcFc2FC3FC9b802E861C013E0123AD9,1,23.65356884190448,,
Curve (CRV),1832851881.415794,1,0x0eb23ea0b877666ad3ddcd0d7da0114acdfe5ae6390b5628b7509f4338022db5,1651258413,1651258228,1651862400,0xa2026e62BfD1f1A2d8b89a19f3fA0ba42B52F0BF,"['Yes', 'No']",0xC6510245a3d961746DB4883916d2D600e19f4ff3,1,5.5806076552720265,,
Curve (CRV),1832851881.415794,1,0x0eb23ea0b877666ad3ddcd0d7da0114acdfe5ae6390b5628b7509f4338022db5,1651258413,1651258228,1651862400,0xa2026e62BfD1f1A2d8b89a19f3fA0ba42B52F0BF,"['Yes', 'No']",0x24fC7A0751BBF53C239cC1D21d2951A5b21f733d,1,23462.994316173717,,
Curve (CRV),1832851881.415794,1,0x0eb23ea0b877666ad3ddcd0d7da0114acdfe5ae6390b5628b7509f4338022db5,1651258413,1651258228,1651862400,0xa2026e62BfD1f1A2d8b89a19f3fA0ba42B52F0BF,"['Yes', 'No']",0xA1CAD48e9844d850f066376e1f1e04147b16619e,1,1.9825189940550751,,
Curve (CRV),1832851881.415794,1,0x0eb23ea0b877666ad3ddcd0d7da0114acdfe5ae6390b5628b7509f4338022db5,1651258413,1651258228,1651862400,0xa2026e62BfD1f1A2d8b89a19f3fA0ba42B52F0BF,"['Yes', 'No']",0xcf8E24538E6e8c6D7cA711F84539aEac0892e28b,1,1.9825189940550751,,
Curve (CRV),1832851881.415794,1,0x0eb23ea0b877666ad3ddcd0d7da0114acdfe5ae6390b5628b7509f4338022db5,1651258413,1651258228,1651862400,0xa2026e62BfD1f1A2d8b89a19f3fA0ba42B52F0BF,"['Yes', 'No']",0x7DA0e97CB78832463914392B5d414C1bEFA1fB01,1,0.6724086282111174,,
Curve (CRV),1832851881.415794,1,0x0eb23ea0b877666ad3ddcd0d7da0114acdfe5ae6390b5628b7509f4338022db5,1651258413,1651258228,1651862400,0xa2026e62BfD1f1A2d8b89a19f3fA0ba42B52F0BF,"['Yes', 'No']",0x9C72C98535224c3C045a3d27ff981ED5a1d64d6e,1,1.9825189940550751,,
Curve (CRV),1832851881.415794,1,0x0eb23ea0b877666ad3ddcd0d7da0114acdfe5ae6390b5628b7509f4338022db5,1651258413,1651258228,1651862400,0xa2026e62BfD1f1A2d8b89a19f3fA0ba42B52F0BF,"['Yes', 'No']",0x080a75c96bF646Cd9f78aaF8C9869a510E9c68bb,1,1.9825189940550751,,
Curve (CRV),1832851881.415794,1,0x0eb23ea0b877666ad3ddcd0d7da0114acdfe5ae6390b5628b7509f4338022db5,1651258413,1651258228,1651862400,0xa2026e62BfD1f1A2d8b89a19f3fA0ba42B52F0BF,"['Yes', 'No']",0xD2E1b76f81b71304DaCEec93F7D55d0A2AbE2307,1,1.9729299529597182,,
Curve (CRV),1832851881.415794,1,0x0eb23ea0b877666ad3ddcd0d7da0114acdfe5ae6390b5628b7509f4338022db5,1651258413,1651258228,1651862400,0xa2026e62BfD1f1A2d8b89a19f3fA0ba42B52F0BF,"['Yes', 'No']",0x91F7C7dC5a44276482c102178fe1d620B397c276,1,1.9729299529597182,,
Curve (CRV),1832851881.415794,1,0x0eb23ea0b877666ad3ddcd0d7da0114acdfe5ae6390b5628b7509f4338022db5,1651258413,1651258228,1651862400,0xa2026e62BfD1f1A2d8b89a19f3fA0ba42B52F0BF,"['Yes', 'No']",0x335D2d954CEc61Cb4673780300d890340A29Dd99,1,1.9729299529597182,,
Curve (CRV),1832851881.415794,1,0x0eb23ea0b877666ad3ddcd0d7da0114acdfe5ae6390b5628b7509f4338022db5,1651258413,1651258228,1651862400,0xa2026e62BfD1f1A2d8b89a19f3fA0ba42B52F0BF,"['Yes', 'No']",0xcD75942b66C1a82d7e04f65A34cE7f93791fA8A8,1,1.9729299529597182,,
Curve (CRV),1832851881.415794,1,0x0eb23ea0b877666ad3ddcd0d7da0114acdfe5ae6390b5628b7509f4338022db5,1651258413,1651258228,1651862400,0xa2026e62BfD1f1A2d8b89a19f3fA0ba42B52F0BF,"['Yes', 'No']",0x64B5F9Dd6f23269B966A4c3717e150A6Dd264851,1,0.46745050098870067,,
Curve (CRV),1832851881.415794,1,0x0eb23ea0b877666ad3ddcd0d7da0114acdfe5ae6390b5628b7509f4338022db5,1651258413,1651258228,1651862400,0xa2026e62BfD1f1A2d8b89a19f3fA0ba42B52F0BF,"['Yes', 'No']",0x696D181A7961EE66C42f1EBeDDc0B48B106C45ad,1,1.9729299529597182,,
Curve (CRV),1832851881.415794,1,0x0eb23ea0b877666ad3ddcd0d7da0114acdfe5ae6390b5628b7509f4338022db5,1651258413,1651258228,1651862400,0xa2026e62BfD1f1A2d8b89a19f3fA0ba42B52F0BF,"['Yes', 'No']",0x01e863C402F2E901BA264c3B0b2D6b8606eff2BA,1,254.21871524592473,,
Curve (CRV),1832851881.415794,1,0x0eb23ea0b877666ad3ddcd0d7da0114acdfe5ae6390b5628b7509f4338022db5,1651258413,1651258228,1651862400,0xa2026e62BfD1f1A2d8b89a19f3fA0ba42B52F0BF,"['Yes', 'No']",0x9A44394ffd96a78d0B5c5b2f5DCFF6052C70176d,1,5.629912369930195,,
Curve (CRV),1832851881.415794,1,0x0eb23ea0b877666ad3ddcd0d7da0114acdfe5ae6390b5628b7509f4338022db5,1651258413,1651258228,1651862400,0xa2026e62BfD1f1A2d8b89a19f3fA0ba42B52F0BF,"['Yes', 'No']",0xb7d49ADB031d6DBDF3E8e28F21C6Dd3b6f231cD5,1,3872.2236350036874,,
Curve (CRV),1832851881.415794,1,0x0eb23ea0b877666ad3ddcd0d7da0114acdfe5ae6390b5628b7509f4338022db5,1651258413,1651258228,1651862400,0xa2026e62BfD1f1A2d8b89a19f3fA0ba42B52F0BF,"['Yes', 'No']",0xa2026e62BfD1f1A2d8b89a19f3fA0ba42B52F0BF,1,2590.73649985719,,
Curve (CRV),1832851881.415794,1,0x43c689ef6b7b1772abc033cd87b7caa4159f0dc281f9a159e3930fb00b57d707,1648926766,1648926087,1649185287,0x0000000000e189dD664b9aB08a33C4839953852c,"['Do Nothing', '2Pool + current 3Pool', '2Pool + current 3Pool + 4Pool']",0x26fCbD3AFEbbE28D0A8684F790C48368D21665b5,1,59706.271213835884,,
Curve (CRV),1832851881.415794,1,0x43c689ef6b7b1772abc033cd87b7caa4159f0dc281f9a159e3930fb00b57d707,1648926766,1648926087,1649185287,0x0000000000e189dD664b9aB08a33C4839953852c,"['Do Nothing', '2Pool + current 3Pool', '2Pool + current 3Pool + 4Pool']",0xf05e75e42272Ec60ba6157d647924FD2de7a9495,1,1798.6036974791168,,
Curve (CRV),1832851881.415794,1,0x43c689ef6b7b1772abc033cd87b7caa4159f0dc281f9a159e3930fb00b57d707,1648926766,1648926087,1649185287,0x0000000000e189dD664b9aB08a33C4839953852c,"['Do Nothing', '2Pool + current 3Pool', '2Pool + current 3Pool + 4Pool']",0x974f326904b6A568691d81A4AbCe6B0A83063E5E,1,999.2973628233702,,
Curve (CRV),1832851881.415794,1,0x43c689ef6b7b1772abc033cd87b7caa4159f0dc281f9a159e3930fb00b57d707,1648926766,1648926087,1649185287,0x0000000000e189dD664b9aB08a33C4839953852c,"['Do Nothing', '2Pool + current 3Pool', '2Pool + current 3Pool + 4Pool']",0x742dD993A78d7fB4A4bFC777a36999C041dAC46f,2,508.24703681448665,,
Curve (CRV),1832851881.415794,1,0x43c689ef6b7b1772abc033cd87b7caa4159f0dc281f9a159e3930fb00b57d707,1648926766,1648926087,1649185287,0x0000000000e189dD664b9aB08a33C4839953852c,"['Do Nothing', '2Pool + current 3Pool', '2Pool + current 3Pool + 4Pool']",0xc0ad5d21fF19A4E85b016BfD53cED8842995C151,2,93.84443357494162,,
Curve (CRV),1832851881.415794,1,0x43c689ef6b7b1772abc033cd87b7caa4159f0dc281f9a159e3930fb00b57d707,1648926766,1648926087,1649185287,0x0000000000e189dD664b9aB08a33C4839953852c,"['Do Nothing', '2Pool + current 3Pool', '2Pool + current 3Pool + 4Pool']",0xBe44Acb7797880916cFc9C23a85A753b21c9aF80,3,4.548267137481671,,
Curve (CRV),1832851881.415794,1,0x43c689ef6b7b1772abc033cd87b7caa4159f0dc281f9a159e3930fb00b57d707,1648926766,1648926087,1649185287,0x0000000000e189dD664b9aB08a33C4839953852c,"['Do Nothing', '2Pool + current 3Pool', '2Pool + current 3Pool + 4Pool']",0x8a2e722c2f167283E38FFee0Ee5F1a035596915f,3,191.00666760577042,,
Curve (CRV),1832851881.415794,1,0x43c689ef6b7b1772abc033cd87b7caa4159f0dc281f9a159e3930fb00b57d707,1648926766,1648926087,1649185287,0x0000000000e189dD664b9aB08a33C4839953852c,"['Do Nothing', '2Pool + current 3Pool', '2Pool + current 3Pool + 4Pool']",0x30FE0d8d2d81EA568fF60B6E28Ab74Eb7E548cb0,3,2931.3981433297645,,
Curve (CRV),1832851881.415794,1,0x43c689ef6b7b1772abc033cd87b7caa4159f0dc281f9a159e3930fb00b57d707,1648926766,1648926087,1649185287,0x0000000000e189dD664b9aB08a33C4839953852c,"['Do Nothing', '2Pool + current 3Pool', '2Pool + current 3Pool + 4Pool']",0x1462f0C35a3e48027aD72bEf4E3925Aa4fB4a14d,3,1770.271698076353,,
Curve (CRV),1832851881.415794,1,0x43c689ef6b7b1772abc033cd87b7caa4159f0dc281f9a159e3930fb00b57d707,1648926766,1648926087,1649185287,0x0000000000e189dD664b9aB08a33C4839953852c,"['Do Nothing', '2Pool + current 3Pool', '2Pool + current 3Pool + 4Pool']",0xC10898edA672fDFc4Ac0228bB1Da9b2bF54C768f,3,17.345952512211415,,
Curve (CRV),1832851881.415794,1,0x43c689ef6b7b1772abc033cd87b7caa4159f0dc281f9a159e3930fb00b57d707,1648926766,1648926087,1649185287,0x0000000000e189dD664b9aB08a33C4839953852c,"['Do Nothing', '2Pool + current 3Pool', '2Pool + current 3Pool + 4Pool']",0x6Dce215F5D0209Bee096fb5147C423344D10553b,2,156.9752045526199,,
Curve (CRV),1832851881.415794,1,0x43c689ef6b7b1772abc033cd87b7caa4159f0dc281f9a159e3930fb00b57d707,1648926766,1648926087,1649185287,0x0000000000e189dD664b9aB08a33C4839953852c,"['Do Nothing', '2Pool + current 3Pool', '2Pool + current 3Pool + 4Pool']",0x4572581Fc62D4477B9E11bb65eA8a1c306CbBa3D,2,8705.043636207924,,
Curve (CRV),1832851881.415794,1,0x43c689ef6b7b1772abc033cd87b7caa4159f0dc281f9a159e3930fb00b57d707,1648926766,1648926087,1649185287,0x0000000000e189dD664b9aB08a33C4839953852c,"['Do Nothing', '2Pool + current 3Pool', '2Pool + current 3Pool + 4Pool']",0x6aDdaA208Ea7c6E413F0c514DC1BA7510390C500,1,0.16495357686055842,,
Curve (CRV),1832851881.415794,1,0x43c689ef6b7b1772abc033cd87b7caa4159f0dc281f9a159e3930fb00b57d707,1648926766,1648926087,1649185287,0x0000000000e189dD664b9aB08a33C4839953852c,"['Do Nothing', '2Pool + current 3Pool', '2Pool + current 3Pool + 4Pool']",0xea96EDdF997B45E22dd7cdB0EE45744f53e33693,3,8187.449521216193,,
Curve (CRV),1832851881.415794,1,0x43c689ef6b7b1772abc033cd87b7caa4159f0dc281f9a159e3930fb00b57d707,1648926766,1648926087,1649185287,0x0000000000e189dD664b9aB08a33C4839953852c,"['Do Nothing', '2Pool + current 3Pool', '2Pool + current 3Pool + 4Pool']",0x29c7B44E0584624C1e877d3eE0856520e2851Ba6,2,46954.27369154127,,
Curve (CRV),1832851881.415794,1,0x43c689ef6b7b1772abc033cd87b7caa4159f0dc281f9a159e3930fb00b57d707,1648926766,1648926087,1649185287,0x0000000000e189dD664b9aB08a33C4839953852c,"['Do Nothing', '2Pool + current 3Pool', '2Pool + current 3Pool + 4Pool']",0x2482Dc04AC628a4b2700c071BFEe557Fd86C91EA,2,29656.027024607345,,
Curve (CRV),1832851881.415794,1,0x43c689ef6b7b1772abc033cd87b7caa4159f0dc281f9a159e3930fb00b57d707,1648926766,1648926087,1649185287,0x0000000000e189dD664b9aB08a33C4839953852c,"['Do Nothing', '2Pool + current 3Pool', '2Pool + current 3Pool + 4Pool']",0xec13489D022102dDE8234d8C22b25b0BEd2E7B54,3,35.22021166553216,,
Curve (CRV),1832851881.415794,1,0x43c689ef6b7b1772abc033cd87b7caa4159f0dc281f9a159e3930fb00b57d707,1648926766,1648926087,1649185287,0x0000000000e189dD664b9aB08a33C4839953852c,"['Do Nothing', '2Pool + current 3Pool', '2Pool + current 3Pool + 4Pool']",0x0d86A2fd448aD216692238a28d2753DEf5B1d853,2,4754.9499593028595,,
Curve (CRV),1832851881.415794,1,0x43c689ef6b7b1772abc033cd87b7caa4159f0dc281f9a159e3930fb00b57d707,1648926766,1648926087,1649185287,0x0000000000e189dD664b9aB08a33C4839953852c,"['Do Nothing', '2Pool + current 3Pool', '2Pool + current 3Pool + 4Pool']",0x65A0bf08ff1bf021eD8d929402371F6cfb83ab53,3,101228.89215472873,,
Curve (CRV),1832851881.415794,1,0x43c689ef6b7b1772abc033cd87b7caa4159f0dc281f9a159e3930fb00b57d707,1648926766,1648926087,1649185287,0x0000000000e189dD664b9aB08a33C4839953852c,"['Do Nothing', '2Pool + current 3Pool', '2Pool + current 3Pool + 4Pool']",0xDa1657d0e137DEc3116E8569FA09d8b27fCC2975,3,13263.06613763692,,
Curve (CRV),1832851881.415794,1,0x43c689ef6b7b1772abc033cd87b7caa4159f0dc281f9a159e3930fb00b57d707,1648926766,1648926087,1649185287,0x0000000000e189dD664b9aB08a33C4839953852c,"['Do Nothing', '2Pool + current 3Pool', '2Pool + current 3Pool + 4Pool']",0xd9293636EE3Aa663fc563ADB0912B0705dAfb62c,1,14.256087356595721,,
Curve (CRV),1832851881.415794,1,0x43c689ef6b7b1772abc033cd87b7caa4159f0dc281f9a159e3930fb00b57d707,1648926766,1648926087,1649185287,0x0000000000e189dD664b9aB08a33C4839953852c,"['Do Nothing', '2Pool + current 3Pool', '2Pool + current 3Pool + 4Pool']",0x3BA21b6477F48273f41d241AA3722FFb9E07E247,3,558201.8949771689,,
Curve (CRV),1832851881.415794,1,0x43c689ef6b7b1772abc033cd87b7caa4159f0dc281f9a159e3930fb00b57d707,1648926766,1648926087,1649185287,0x0000000000e189dD664b9aB08a33C4839953852c,"['Do Nothing', '2Pool + current 3Pool', '2Pool + current 3Pool + 4Pool']",0x66AC1521D49EE47a8a55E2534ebdd5a9991A9808,3,9697.7036292306,,
Curve (CRV),1832851881.415794,1,0x43c689ef6b7b1772abc033cd87b7caa4159f0dc281f9a159e3930fb00b57d707,1648926766,1648926087,1649185287,0x0000000000e189dD664b9aB08a33C4839953852c,"['Do Nothing', '2Pool + current 3Pool', '2Pool + current 3Pool + 4Pool']",0x2FbDa8ca21bb8482E8426a1Fb73511AcE2B9E977,3,793.5025255250417,,
Curve (CRV),1832851881.415794,1,0x43c689ef6b7b1772abc033cd87b7caa4159f0dc281f9a159e3930fb00b57d707,1648926766,1648926087,1649185287,0x0000000000e189dD664b9aB08a33C4839953852c,"['Do Nothing', '2Pool + current 3Pool', '2Pool + current 3Pool + 4Pool']",0x32a59b87352e980dD6aB1bAF462696D28e63525D,2,29022.3921590135,,
Curve (CRV),1832851881.415794,1,0x43c689ef6b7b1772abc033cd87b7caa4159f0dc281f9a159e3930fb00b57d707,1648926766,1648926087,1649185287,0x0000000000e189dD664b9aB08a33C4839953852c,"['Do Nothing', '2Pool + current 3Pool', '2Pool + current 3Pool + 4Pool']",0x9c5083dd4838E120Dbeac44C052179692Aa5dAC5,3,1952339.8071091035,,
Curve (CRV),1832851881.415794,1,0x43c689ef6b7b1772abc033cd87b7caa4159f0dc281f9a159e3930fb00b57d707,1648926766,1648926087,1649185287,0x0000000000e189dD664b9aB08a33C4839953852c,"['Do Nothing', '2Pool + current 3Pool', '2Pool + current 3Pool + 4Pool']",0x08aB4E5199A5E8bD9575bBa899A9561a7cfE8fd6,3,3.623394103208993,,
Curve (CRV),1832851881.415794,1,0x43c689ef6b7b1772abc033cd87b7caa4159f0dc281f9a159e3930fb00b57d707,1648926766,1648926087,1649185287,0x0000000000e189dD664b9aB08a33C4839953852c,"['Do Nothing', '2Pool + current 3Pool', '2Pool + current 3Pool + 4Pool']",0xa40eb69D2ADBD34Ea73ea1Dfd049F825e8216Eb0,2,3066.4834220353146,,
Curve (CRV),1832851881.415794,1,0x43c689ef6b7b1772abc033cd87b7caa4159f0dc281f9a159e3930fb00b57d707,1648926766,1648926087,1649185287,0x0000000000e189dD664b9aB08a33C4839953852c,"['Do Nothing', '2Pool + current 3Pool', '2Pool + current 3Pool + 4Pool']",0xF5bF3B7B7D03EfD34BA1E1BcF1694080975d8A1c,3,337.503141261717,,
Curve (CRV),1832851881.415794,1,0x43c689ef6b7b1772abc033cd87b7caa4159f0dc281f9a159e3930fb00b57d707,1648926766,1648926087,1649185287,0x0000000000e189dD664b9aB08a33C4839953852c,"['Do Nothing', '2Pool + current 3Pool', '2Pool + current 3Pool + 4Pool']",0x766C64d809056fbB492FdB410A6B4857C015619A,3,337.01662713508364,,
Curve (CRV),1832851881.415794,1,0x43c689ef6b7b1772abc033cd87b7caa4159f0dc281f9a159e3930fb00b57d707,1648926766,1648926087,1649185287,0x0000000000e189dD664b9aB08a33C4839953852c,"['Do Nothing', '2Pool + current 3Pool', '2Pool + current 3Pool + 4Pool']",0x8d07D225a769b7Af3A923481E1FdF49180e6A265,1,390.79010623151584,,
Curve (CRV),1832851881.415794,1,0x43c689ef6b7b1772abc033cd87b7caa4159f0dc281f9a159e3930fb00b57d707,1648926766,1648926087,1649185287,0x0000000000e189dD664b9aB08a33C4839953852c,"['Do Nothing', '2Pool + current 3Pool', '2Pool + current 3Pool + 4Pool']",0x01AB07010c2F4bf5971537669Cc19d5D8Cf320A0,2,1126.0018503424376,,
Curve (CRV),1832851881.415794,1,0x43c689ef6b7b1772abc033cd87b7caa4159f0dc281f9a159e3930fb00b57d707,1648926766,1648926087,1649185287,0x0000000000e189dD664b9aB08a33C4839953852c,"['Do Nothing', '2Pool + current 3Pool', '2Pool + current 3Pool + 4Pool']",0x72b223De2F773C814465C4A8f2Ef9FaAe702Cfb3,3,44514.71976134769,,
Curve (CRV),1832851881.415794,1,0x43c689ef6b7b1772abc033cd87b7caa4159f0dc281f9a159e3930fb00b57d707,1648926766,1648926087,1649185287,0x0000000000e189dD664b9aB08a33C4839953852c,"['Do Nothing', '2Pool + current 3Pool', '2Pool + current 3Pool + 4Pool']",0x2D8304750A8AC17DC1B9A5Da1c85c0a55f12c3D3,3,136165.710380117,,
Curve (CRV),1832851881.415794,1,0x43c689ef6b7b1772abc033cd87b7caa4159f0dc281f9a159e3930fb00b57d707,1648926766,1648926087,1649185287,0x0000000000e189dD664b9aB08a33C4839953852c,"['Do Nothing', '2Pool + current 3Pool', '2Pool + current 3Pool + 4Pool']",0x37B1884205Cc47c2Bf5cF5a0248946C4c0c85724,2,16204.918427442131,,
Curve (CRV),1832851881.415794,1,0x43c689ef6b7b1772abc033cd87b7caa4159f0dc281f9a159e3930fb00b57d707,1648926766,1648926087,1649185287,0x0000000000e189dD664b9aB08a33C4839953852c,"['Do Nothing', '2Pool + current 3Pool', '2Pool + current 3Pool + 4Pool']",0x7B41b57b469aaB69746c6466BCeBbEd4F8628B97,2,1452.1127427304366,,
Curve (CRV),1832851881.415794,1,0x43c689ef6b7b1772abc033cd87b7caa4159f0dc281f9a159e3930fb00b57d707,1648926766,1648926087,1649185287,0x0000000000e189dD664b9aB08a33C4839953852c,"['Do Nothing', '2Pool + current 3Pool', '2Pool + current 3Pool + 4Pool']",0xA60e8ea9d55dEF9339303c62A4c91B5cC3a4a738,2,101.71505000712187,,
Curve (CRV),1832851881.415794,1,0x43c689ef6b7b1772abc033cd87b7caa4159f0dc281f9a159e3930fb00b57d707,1648926766,1648926087,1649185287,0x0000000000e189dD664b9aB08a33C4839953852c,"['Do Nothing', '2Pool + current 3Pool', '2Pool + current 3Pool + 4Pool']",0x5e27A2447b4f19064f0014D3De3bB0777f7b84c9,2,212.91661339416615,,
Curve (CRV),1832851881.415794,1,0x43c689ef6b7b1772abc033cd87b7caa4159f0dc281f9a159e3930fb00b57d707,1648926766,1648926087,1649185287,0x0000000000e189dD664b9aB08a33C4839953852c,"['Do Nothing', '2Pool + current 3Pool', '2Pool + current 3Pool + 4Pool']",0x9ed80eDA7F55054Db9FB5282451688f26bB374c1,2,79.58461568793685,,
Curve (CRV),1832851881.415794,1,0x43c689ef6b7b1772abc033cd87b7caa4159f0dc281f9a159e3930fb00b57d707,1648926766,1648926087,1649185287,0x0000000000e189dD664b9aB08a33C4839953852c,"['Do Nothing', '2Pool + current 3Pool', '2Pool + current 3Pool + 4Pool']",0x57C687F80390112CE4f341bCF5a6fEFfB319cF2B,2,111.7350511795019,,
Curve (CRV),1832851881.415794,1,0x43c689ef6b7b1772abc033cd87b7caa4159f0dc281f9a159e3930fb00b57d707,1648926766,1648926087,1649185287,0x0000000000e189dD664b9aB08a33C4839953852c,"['Do Nothing', '2Pool + current 3Pool', '2Pool + current 3Pool + 4Pool']",0x96a124b2f94E909553Fa8c1c17e8AE54822348A4,2,3317.887898890286,,
Curve (CRV),1832851881.415794,1,0x43c689ef6b7b1772abc033cd87b7caa4159f0dc281f9a159e3930fb00b57d707,1648926766,1648926087,1649185287,0x0000000000e189dD664b9aB08a33C4839953852c,"['Do Nothing', '2Pool + current 3Pool', '2Pool + current 3Pool + 4Pool']",0x5180db0237291A6449DdA9ed33aD90a38787621c,3,38413.17363113718,,
Curve (CRV),1832851881.415794,1,0x43c689ef6b7b1772abc033cd87b7caa4159f0dc281f9a159e3930fb00b57d707,1648926766,1648926087,1649185287,0x0000000000e189dD664b9aB08a33C4839953852c,"['Do Nothing', '2Pool + current 3Pool', '2Pool + current 3Pool + 4Pool']",0xfC1a94C1518ccebE356CE06834b9e8aEA796D35F,3,37376.83319722179,,
Curve (CRV),1832851881.415794,1,0x43c689ef6b7b1772abc033cd87b7caa4159f0dc281f9a159e3930fb00b57d707,1648926766,1648926087,1649185287,0x0000000000e189dD664b9aB08a33C4839953852c,"['Do Nothing', '2Pool + current 3Pool', '2Pool + current 3Pool + 4Pool']",0x4Bf1fBC233Cd6109c35a4cd9D34540173Af3234c,3,1052.4162670644284,,
Curve (CRV),1832851881.415794,1,0x43c689ef6b7b1772abc033cd87b7caa4159f0dc281f9a159e3930fb00b57d707,1648926766,1648926087,1649185287,0x0000000000e189dD664b9aB08a33C4839953852c,"['Do Nothing', '2Pool + current 3Pool', '2Pool + current 3Pool + 4Pool']",0x52C34872a9e1d22b4F54D3969F920C4BF1E06088,3,26.675935502277206,,
Curve (CRV),1832851881.415794,1,0x43c689ef6b7b1772abc033cd87b7caa4159f0dc281f9a159e3930fb00b57d707,1648926766,1648926087,1649185287,0x0000000000e189dD664b9aB08a33C4839953852c,"['Do Nothing', '2Pool + current 3Pool', '2Pool + current 3Pool + 4Pool']",0x6977e753e022F65eBEb170d8267b2EA54a431523,2,46430.153220910004,,
Curve (CRV),1832851881.415794,1,0x43c689ef6b7b1772abc033cd87b7caa4159f0dc281f9a159e3930fb00b57d707,1648926766,1648926087,1649185287,0x0000000000e189dD664b9aB08a33C4839953852c,"['Do Nothing', '2Pool + current 3Pool', '2Pool + current 3Pool + 4Pool']",0x3070f20f86fDa706Ac380F5060D256028a46eC29,3,486.3880381530379,,
Curve (CRV),1832851881.415794,1,0x43c689ef6b7b1772abc033cd87b7caa4159f0dc281f9a159e3930fb00b57d707,1648926766,1648926087,1649185287,0x0000000000e189dD664b9aB08a33C4839953852c,"['Do Nothing', '2Pool + current 3Pool', '2Pool + current 3Pool + 4Pool']",0x4d477F1aabcFc2FC3FC9b802E861C013E0123AD9,2,24.13384208518091,,
Curve (CRV),1832851881.415794,1,0x43c689ef6b7b1772abc033cd87b7caa4159f0dc281f9a159e3930fb00b57d707,1648926766,1648926087,1649185287,0x0000000000e189dD664b9aB08a33C4839953852c,"['Do Nothing', '2Pool + current 3Pool', '2Pool + current 3Pool + 4Pool']",0x24fC7A0751BBF53C239cC1D21d2951A5b21f733d,1,23924.79551241605,,
Curve (CRV),1832851881.415794,1,0x43c689ef6b7b1772abc033cd87b7caa4159f0dc281f9a159e3930fb00b57d707,1648926766,1648926087,1649185287,0x0000000000e189dD664b9aB08a33C4839953852c,"['Do Nothing', '2Pool + current 3Pool', '2Pool + current 3Pool + 4Pool']",0xa60DD9d42fdD43E91Da63BD261997E14F21C69Fd,3,805.6665756336756,,
Curve (CRV),1832851881.415794,1,0x43c689ef6b7b1772abc033cd87b7caa4159f0dc281f9a159e3930fb00b57d707,1648926766,1648926087,1649185287,0x0000000000e189dD664b9aB08a33C4839953852c,"['Do Nothing', '2Pool + current 3Pool', '2Pool + current 3Pool + 4Pool']",0xba2ef5189B762bd4C9E7f0b50fBBaB65193935e8,3,642.2252860992515,,
Curve (CRV),1832851881.415794,1,0x43c689ef6b7b1772abc033cd87b7caa4159f0dc281f9a159e3930fb00b57d707,1648926766,1648926087,1649185287,0x0000000000e189dD664b9aB08a33C4839953852c,"['Do Nothing', '2Pool + current 3Pool', '2Pool + current 3Pool + 4Pool']",0xC54570b8EB8138aCE95132b944b7b6Bb391976Dc,3,6283.125966264327,,
Curve (CRV),1832851881.415794,1,0x43c689ef6b7b1772abc033cd87b7caa4159f0dc281f9a159e3930fb00b57d707,1648926766,1648926087,1649185287,0x0000000000e189dD664b9aB08a33C4839953852c,"['Do Nothing', '2Pool + current 3Pool', '2Pool + current 3Pool + 4Pool']",0xA29FD283430Ab091434161Ec847A125BDAB0230F,2,60726.40476060718,,
Curve (CRV),1832851881.415794,1,0x43c689ef6b7b1772abc033cd87b7caa4159f0dc281f9a159e3930fb00b57d707,1648926766,1648926087,1649185287,0x0000000000e189dD664b9aB08a33C4839953852c,"['Do Nothing', '2Pool + current 3Pool', '2Pool + current 3Pool + 4Pool']",0x9796b9443A3FFbc60eAB64F33E368CC19ebA4F33,3,75.86675185121304,,
Curve (CRV),1832851881.415794,1,0x43c689ef6b7b1772abc033cd87b7caa4159f0dc281f9a159e3930fb00b57d707,1648926766,1648926087,1649185287,0x0000000000e189dD664b9aB08a33C4839953852c,"['Do Nothing', '2Pool + current 3Pool', '2Pool + current 3Pool + 4Pool']",0x48f88A8D8e4a9dFF33C0A4D857a81A189C2d6e07,3,146.30104832564354,,
Curve (CRV),1832851881.415794,1,0x43c689ef6b7b1772abc033cd87b7caa4159f0dc281f9a159e3930fb00b57d707,1648926766,1648926087,1649185287,0x0000000000e189dD664b9aB08a33C4839953852c,"['Do Nothing', '2Pool + current 3Pool', '2Pool + current 3Pool + 4Pool']",0xA2BF60058C0657C45FDd1741220b4A7F0DA91CA3,3,5220.882970217514,,
Curve (CRV),1832851881.415794,1,0x43c689ef6b7b1772abc033cd87b7caa4159f0dc281f9a159e3930fb00b57d707,1648926766,1648926087,1649185287,0x0000000000e189dD664b9aB08a33C4839953852c,"['Do Nothing', '2Pool + current 3Pool', '2Pool + current 3Pool + 4Pool']",0x44e59F7c598644A68975eF41Fed052362C4c8ed3,2,369814.9970670979,,
Curve (CRV),1832851881.415794,1,0x43c689ef6b7b1772abc033cd87b7caa4159f0dc281f9a159e3930fb00b57d707,1648926766,1648926087,1649185287,0x0000000000e189dD664b9aB08a33C4839953852c,"['Do Nothing', '2Pool + current 3Pool', '2Pool + current 3Pool + 4Pool']",0x6119Fa6C5B18BE03F3b8E408c961E28239A0108C,3,11664.873387530106,,
Curve (CRV),1832851881.415794,1,0x43c689ef6b7b1772abc033cd87b7caa4159f0dc281f9a159e3930fb00b57d707,1648926766,1648926087,1649185287,0x0000000000e189dD664b9aB08a33C4839953852c,"['Do Nothing', '2Pool + current 3Pool', '2Pool + current 3Pool + 4Pool']",0xd84E11beE5D555CCd905817Cb8CBBd5b6e6C4f0D,3,73.16493531201377,,
Curve (CRV),1832851881.415794,1,0x43c689ef6b7b1772abc033cd87b7caa4159f0dc281f9a159e3930fb00b57d707,1648926766,1648926087,1649185287,0x0000000000e189dD664b9aB08a33C4839953852c,"['Do Nothing', '2Pool + current 3Pool', '2Pool + current 3Pool + 4Pool']",0x975793c7A6a077221aCa4E4FB9B7f9A46378463a,2,189389.70508424568,,
Curve (CRV),1832851881.415794,1,0x43c689ef6b7b1772abc033cd87b7caa4159f0dc281f9a159e3930fb00b57d707,1648926766,1648926087,1649185287,0x0000000000e189dD664b9aB08a33C4839953852c,"['Do Nothing', '2Pool + current 3Pool', '2Pool + current 3Pool + 4Pool']",0xB71CD2a879c8D887eA8d75155ff51116178641C0,3,475.10716807450643,,
Curve (CRV),1832851881.415794,1,0x43c689ef6b7b1772abc033cd87b7caa4159f0dc281f9a159e3930fb00b57d707,1648926766,1648926087,1649185287,0x0000000000e189dD664b9aB08a33C4839953852c,"['Do Nothing', '2Pool + current 3Pool', '2Pool + current 3Pool + 4Pool']",0x9628bE77Fb3dcd890fD93A5d039092FcA855D3cC,2,1300.2371728835162,,
Curve (CRV),1832851881.415794,1,0x43c689ef6b7b1772abc033cd87b7caa4159f0dc281f9a159e3930fb00b57d707,1648926766,1648926087,1649185287,0x0000000000e189dD664b9aB08a33C4839953852c,"['Do Nothing', '2Pool + current 3Pool', '2Pool + current 3Pool + 4Pool']",0x421A8A0C6388FaA1550E2636538d8d7605a8cEde,3,19993.22965099956,,
Curve (CRV),1832851881.415794,1,0x43c689ef6b7b1772abc033cd87b7caa4159f0dc281f9a159e3930fb00b57d707,1648926766,1648926087,1649185287,0x0000000000e189dD664b9aB08a33C4839953852c,"['Do Nothing', '2Pool + current 3Pool', '2Pool + current 3Pool + 4Pool']",0x00ea67d1E6caB97994e75C800bC65bF632598802,3,115.32672435630086,,
Curve (CRV),1832851881.415794,1,0x43c689ef6b7b1772abc033cd87b7caa4159f0dc281f9a159e3930fb00b57d707,1648926766,1648926087,1649185287,0x0000000000e189dD664b9aB08a33C4839953852c,"['Do Nothing', '2Pool + current 3Pool', '2Pool + current 3Pool + 4Pool']",0x2A1049062c6Cfd69bd38fbaf3b0559DF1DBbc92c,2,59433.2106239349,,
Curve (CRV),1832851881.415794,1,0x43c689ef6b7b1772abc033cd87b7caa4159f0dc281f9a159e3930fb00b57d707,1648926766,1648926087,1649185287,0x0000000000e189dD664b9aB08a33C4839953852c,"['Do Nothing', '2Pool + current 3Pool', '2Pool + current 3Pool + 4Pool']",0xb03F5438f9A243De5C3B830B7841EC315034cD5f,3,105.91880957191283,,
Curve (CRV),1832851881.415794,1,0x43c689ef6b7b1772abc033cd87b7caa4159f0dc281f9a159e3930fb00b57d707,1648926766,1648926087,1649185287,0x0000000000e189dD664b9aB08a33C4839953852c,"['Do Nothing', '2Pool + current 3Pool', '2Pool + current 3Pool + 4Pool']",0x91FD6A2396Cf3B7C4E4F002Cd663469Ea883c590,3,83.04219939115998,,
Curve (CRV),1832851881.415794,1,0x43c689ef6b7b1772abc033cd87b7caa4159f0dc281f9a159e3930fb00b57d707,1648926766,1648926087,1649185287,0x0000000000e189dD664b9aB08a33C4839953852c,"['Do Nothing', '2Pool + current 3Pool', '2Pool + current 3Pool + 4Pool']",0xa53A13A80D72A855481DE5211E7654fAbDFE3526,3,94685.848191256,,
Curve (CRV),1832851881.415794,1,0x43c689ef6b7b1772abc033cd87b7caa4159f0dc281f9a159e3930fb00b57d707,1648926766,1648926087,1649185287,0x0000000000e189dD664b9aB08a33C4839953852c,"['Do Nothing', '2Pool + current 3Pool', '2Pool + current 3Pool + 4Pool']",0x81da4F0bcEa8d330d790DA28bf5349D29aD51FDA,2,14671.187242483893,,
Curve (CRV),1832851881.415794,1,0x43c689ef6b7b1772abc033cd87b7caa4159f0dc281f9a159e3930fb00b57d707,1648926766,1648926087,1649185287,0x0000000000e189dD664b9aB08a33C4839953852c,"['Do Nothing', '2Pool + current 3Pool', '2Pool + current 3Pool + 4Pool']",0x94A468FCB53A043Bf5Cd95EF21892E02C71134Be,3,57251.70698341134,,
Curve (CRV),1832851881.415794,1,0x43c689ef6b7b1772abc033cd87b7caa4159f0dc281f9a159e3930fb00b57d707,1648926766,1648926087,1649185287,0x0000000000e189dD664b9aB08a33C4839953852c,"['Do Nothing', '2Pool + current 3Pool', '2Pool + current 3Pool + 4Pool']",0xf7Bd34Dd44B92fB2f9C3D2e31aAAd06570a853A6,2,933.3856248933872,,
Curve (CRV),1832851881.415794,1,0x43c689ef6b7b1772abc033cd87b7caa4159f0dc281f9a159e3930fb00b57d707,1648926766,1648926087,1649185287,0x0000000000e189dD664b9aB08a33C4839953852c,"['Do Nothing', '2Pool + current 3Pool', '2Pool + current 3Pool + 4Pool']",0x9824697F7c12CAbAda9b57842060931c48dEA969,3,46891.360173789675,,
Curve (CRV),1832851881.415794,1,0x43c689ef6b7b1772abc033cd87b7caa4159f0dc281f9a159e3930fb00b57d707,1648926766,1648926087,1649185287,0x0000000000e189dD664b9aB08a33C4839953852c,"['Do Nothing', '2Pool + current 3Pool', '2Pool + current 3Pool + 4Pool']",0x34d6Dbd097f6b739C59D7467779549Aea60e1F84,3,125013.50799763751,,
Curve (CRV),1832851881.415794,1,0x43c689ef6b7b1772abc033cd87b7caa4159f0dc281f9a159e3930fb00b57d707,1648926766,1648926087,1649185287,0x0000000000e189dD664b9aB08a33C4839953852c,"['Do Nothing', '2Pool + current 3Pool', '2Pool + current 3Pool + 4Pool']",0x17e33637f6B64E9082Ea499481b6e6EbAE7EEA23,2,13490.330531818954,,
Curve (CRV),1832851881.415794,1,0x43c689ef6b7b1772abc033cd87b7caa4159f0dc281f9a159e3930fb00b57d707,1648926766,1648926087,1649185287,0x0000000000e189dD664b9aB08a33C4839953852c,"['Do Nothing', '2Pool + current 3Pool', '2Pool + current 3Pool + 4Pool']",0x1F2ce5fAd35Cd63f91E1151Bb83D0d8e253495f4,3,72.32104452047666,,
Curve (CRV),1832851881.415794,1,0x43c689ef6b7b1772abc033cd87b7caa4159f0dc281f9a159e3930fb00b57d707,1648926766,1648926087,1649185287,0x0000000000e189dD664b9aB08a33C4839953852c,"['Do Nothing', '2Pool + current 3Pool', '2Pool + current 3Pool + 4Pool']",0xc8484D4A6BaAaA7C31f411b1362145dA109F9B50,3,5145.488350437047,,
Curve (CRV),1832851881.415794,1,0x43c689ef6b7b1772abc033cd87b7caa4159f0dc281f9a159e3930fb00b57d707,1648926766,1648926087,1649185287,0x0000000000e189dD664b9aB08a33C4839953852c,"['Do Nothing', '2Pool + current 3Pool', '2Pool + current 3Pool + 4Pool']",0x409e44037c5A341fCc04D2E9171D50A92DDc046b,3,1597.5452815829233,,
Curve (CRV),1832851881.415794,1,0x43c689ef6b7b1772abc033cd87b7caa4159f0dc281f9a159e3930fb00b57d707,1648926766,1648926087,1649185287,0x0000000000e189dD664b9aB08a33C4839953852c,"['Do Nothing', '2Pool + current 3Pool', '2Pool + current 3Pool + 4Pool']",0xFCD9824c346A302DE070C71593fFd7D0F9DffcC8,3,365.5613917427574,,
Curve (CRV),1832851881.415794,1,0xa11d4d1800b91746afe8ead922eb1d37225a32145adf30bbda0cbdba2ef97bd3,1647286339,1647286071,1647889200,0x7F22646E85Da79953Ac09E9b45EE1b3Be3A42abC,"['Yes', 'No']",0x8d07D225a769b7Af3A923481E1FdF49180e6A265,1,398.880688004443,,
Curve (CRV),1832851881.415794,1,0xa11d4d1800b91746afe8ead922eb1d37225a32145adf30bbda0cbdba2ef97bd3,1647286339,1647286071,1647889200,0x7F22646E85Da79953Ac09E9b45EE1b3Be3A42abC,"['Yes', 'No']",0xC6510245a3d961746DB4883916d2D600e19f4ff3,1,5.810377211504508,,
Curve (CRV),1832851881.415794,1,0xa11d4d1800b91746afe8ead922eb1d37225a32145adf30bbda0cbdba2ef97bd3,1647286339,1647286071,1647889200,0x7F22646E85Da79953Ac09E9b45EE1b3Be3A42abC,"['Yes', 'No']",0x40a82a3aC2bb08E82133E25cBC6Ca128dc7162aa,1,456.5989884259029,,
Curve (CRV),1832851881.415794,1,0xa11d4d1800b91746afe8ead922eb1d37225a32145adf30bbda0cbdba2ef97bd3,1647286339,1647286071,1647889200,0x7F22646E85Da79953Ac09E9b45EE1b3Be3A42abC,"['Yes', 'No']",0xB72eD8401892466Ea8aF528C1af1d0524bc5e105,1,1211.4290633975916,,
Curve (CRV),1832851881.415794,1,0xa11d4d1800b91746afe8ead922eb1d37225a32145adf30bbda0cbdba2ef97bd3,1647286339,1647286071,1647889200,0x7F22646E85Da79953Ac09E9b45EE1b3Be3A42abC,"['Yes', 'No']",0xa8bF0cD4D76D92Cb345e81999029f3174A219305,1,1920.4512069380874,,
Curve (CRV),1832851881.415794,1,0xa11d4d1800b91746afe8ead922eb1d37225a32145adf30bbda0cbdba2ef97bd3,1647286339,1647286071,1647889200,0x7F22646E85Da79953Ac09E9b45EE1b3Be3A42abC,"['Yes', 'No']",0x865D7eb5db37cc02ec209DD778f4e3851a421A20,1,2.2094707848279413,,
Curve (CRV),1832851881.415794,1,0xa11d4d1800b91746afe8ead922eb1d37225a32145adf30bbda0cbdba2ef97bd3,1647286339,1647286071,1647889200,0x7F22646E85Da79953Ac09E9b45EE1b3Be3A42abC,"['Yes', 'No']",0x0f8acA6bb8D86BBA87892EfAb1E19491c97387B7,1,0.9796438037903431,,
Curve (CRV),1832851881.415794,1,0xa11d4d1800b91746afe8ead922eb1d37225a32145adf30bbda0cbdba2ef97bd3,1647286339,1647286071,1647889200,0x7F22646E85Da79953Ac09E9b45EE1b3Be3A42abC,"['Yes', 'No']",0x8a2e722c2f167283E38FFee0Ee5F1a035596915f,1,193.68089911933222,,
Curve (CRV),1832851881.415794,1,0xa11d4d1800b91746afe8ead922eb1d37225a32145adf30bbda0cbdba2ef97bd3,1647286339,1647286071,1647889200,0x7F22646E85Da79953Ac09E9b45EE1b3Be3A42abC,"['Yes', 'No']",0xf05e75e42272Ec60ba6157d647924FD2de7a9495,1,1837.9323717658444,,
Curve (CRV),1832851881.415794,1,0xa11d4d1800b91746afe8ead922eb1d37225a32145adf30bbda0cbdba2ef97bd3,1647286339,1647286071,1647889200,0x7F22646E85Da79953Ac09E9b45EE1b3Be3A42abC,"['Yes', 'No']",0xd018b4E7fB8aA6D26DC662DdBa1c6b6Bb88E1153,1,278.69032579739644,,
Curve (CRV),1832851881.415794,1,0xa11d4d1800b91746afe8ead922eb1d37225a32145adf30bbda0cbdba2ef97bd3,1647286339,1647286071,1647889200,0x7F22646E85Da79953Ac09E9b45EE1b3Be3A42abC,"['Yes', 'No']",0x14fd7D24eBF81196dfd6d3AF740D5024071859f8,1,523.131388903853,,
Curve (CRV),1832851881.415794,1,0xa11d4d1800b91746afe8ead922eb1d37225a32145adf30bbda0cbdba2ef97bd3,1647286339,1647286071,1647889200,0x7F22646E85Da79953Ac09E9b45EE1b3Be3A42abC,"['Yes', 'No']",0xE3E39161d35E9A81edEc667a5387bfAE85752854,1,44075.62654109484,,
Curve (CRV),1832851881.415794,1,0xa11d4d1800b91746afe8ead922eb1d37225a32145adf30bbda0cbdba2ef97bd3,1647286339,1647286071,1647889200,0x7F22646E85Da79953Ac09E9b45EE1b3Be3A42abC,"['Yes', 'No']",0x7a16fF8270133F063aAb6C9977183D9e72835428,1,25985970.081789922,,
Curve (CRV),1832851881.415794,1,0xa11d4d1800b91746afe8ead922eb1d37225a32145adf30bbda0cbdba2ef97bd3,1647286339,1647286071,1647889200,0x7F22646E85Da79953Ac09E9b45EE1b3Be3A42abC,"['Yes', 'No']",0xD22f19c7C52B89f1BD1b5631Dd2919c3f152c8ec,1,1636.6033391679148,,
Curve (CRV),1832851881.415794,1,0xa11d4d1800b91746afe8ead922eb1d37225a32145adf30bbda0cbdba2ef97bd3,1647286339,1647286071,1647889200,0x7F22646E85Da79953Ac09E9b45EE1b3Be3A42abC,"['Yes', 'No']",0x21a555839A4e8B9AC20430235804b4A4EF6a3587,1,1876.4951244157203,,
Curve (CRV),1832851881.415794,1,0xa11d4d1800b91746afe8ead922eb1d37225a32145adf30bbda0cbdba2ef97bd3,1647286339,1647286071,1647889200,0x7F22646E85Da79953Ac09E9b45EE1b3Be3A42abC,"['Yes', 'No']",0x01AB07010c2F4bf5971537669Cc19d5D8Cf320A0,1,1149.4921187489078,,
Curve (CRV),1832851881.415794,1,0xa11d4d1800b91746afe8ead922eb1d37225a32145adf30bbda0cbdba2ef97bd3,1647286339,1647286071,1647889200,0x7F22646E85Da79953Ac09E9b45EE1b3Be3A42abC,"['Yes', 'No']",0xA2dEe32662F6243dA539bf6A8613F9A9e39843D3,1,2492.854711803497,,
Curve (CRV),1832851881.415794,1,0xa11d4d1800b91746afe8ead922eb1d37225a32145adf30bbda0cbdba2ef97bd3,1647286339,1647286071,1647889200,0x7F22646E85Da79953Ac09E9b45EE1b3Be3A42abC,"['Yes', 'No']",0xB9b93bF2DB3678b010E71Ef701d763Aee144E93E,1,0.007399177675546052,,
Curve (CRV),1832851881.415794,1,0xa11d4d1800b91746afe8ead922eb1d37225a32145adf30bbda0cbdba2ef97bd3,1647286339,1647286071,1647889200,0x7F22646E85Da79953Ac09E9b45EE1b3Be3A42abC,"['Yes', 'No']",0xf321716DB6D2E5318A1CdbC15af80Df25f2F8244,1,6.6561367642622935,,
Curve (CRV),1832851881.415794,1,0xa11d4d1800b91746afe8ead922eb1d37225a32145adf30bbda0cbdba2ef97bd3,1647286339,1647286071,1647889200,0x7F22646E85Da79953Ac09E9b45EE1b3Be3A42abC,"['Yes', 'No']",0x421A8A0C6388FaA1550E2636538d8d7605a8cEde,1,18896.774096745165,,
Curve (CRV),1832851881.415794,1,0xa11d4d1800b91746afe8ead922eb1d37225a32145adf30bbda0cbdba2ef97bd3,1647286339,1647286071,1647889200,0x7F22646E85Da79953Ac09E9b45EE1b3Be3A42abC,"['Yes', 'No']",0x014607F2d6477bADD9d74bF2c5D6356e29a9b957,1,2.6368766171080917,,
Curve (CRV),1832851881.415794,1,0xa11d4d1800b91746afe8ead922eb1d37225a32145adf30bbda0cbdba2ef97bd3,1647286339,1647286071,1647889200,0x7F22646E85Da79953Ac09E9b45EE1b3Be3A42abC,"['Yes', 'No']",0x7A4C76231dF9fFC2E95d4A247d05e4d954E21ACA,1,7.830684614368285,,
Curve (CRV),1832851881.415794,1,0xa11d4d1800b91746afe8ead922eb1d37225a32145adf30bbda0cbdba2ef97bd3,1647286339,1647286071,1647889200,0x7F22646E85Da79953Ac09E9b45EE1b3Be3A42abC,"['Yes', 'No']",0x65Bc72F5e5DAeFE930F1B468fC73EC96b0228956,1,0.778273940800551,,
Curve (CRV),1832851881.415794,1,0xa11d4d1800b91746afe8ead922eb1d37225a32145adf30bbda0cbdba2ef97bd3,1647286339,1647286071,1647889200,0x7F22646E85Da79953Ac09E9b45EE1b3Be3A42abC,"['Yes', 'No']",0xd9293636EE3Aa663fc563ADB0912B0705dAfb62c,1,14.462032658104794,,
Curve (CRV),1832851881.415794,1,0xa11d4d1800b91746afe8ead922eb1d37225a32145adf30bbda0cbdba2ef97bd3,1647286339,1647286071,1647889200,0x7F22646E85Da79953Ac09E9b45EE1b3Be3A42abC,"['Yes', 'No']",0xa95Ca3B03D8E133388c2Af48bE35a8AD0e6EC39B,1,1073.289014675592,,
Curve (CRV),1832851881.415794,1,0xa11d4d1800b91746afe8ead922eb1d37225a32145adf30bbda0cbdba2ef97bd3,1647286339,1647286071,1647889200,0x7F22646E85Da79953Ac09E9b45EE1b3Be3A42abC,"['Yes', 'No']",0x186E20ae3530520C9F3E6C46F2f5d1062b784761,1,131.50387027955875,,
Curve (CRV),1832851881.415794,1,0xa11d4d1800b91746afe8ead922eb1d37225a32145adf30bbda0cbdba2ef97bd3,1647286339,1647286071,1647889200,0x7F22646E85Da79953Ac09E9b45EE1b3Be3A42abC,"['Yes', 'No']",0x42EdC9E6a511bCC25503E1eFF7cA77b635fB39Ba,1,673.0976211620685,,
Curve (CRV),1832851881.415794,1,0xa11d4d1800b91746afe8ead922eb1d37225a32145adf30bbda0cbdba2ef97bd3,1647286339,1647286071,1647889200,0x7F22646E85Da79953Ac09E9b45EE1b3Be3A42abC,"['Yes', 'No']",0xb7b1Cc940Cc88640089028d4910De22E39e6D117,1,448.1224787861068,,
Curve (CRV),1832851881.415794,1,0xa11d4d1800b91746afe8ead922eb1d37225a32145adf30bbda0cbdba2ef97bd3,1647286339,1647286071,1647889200,0x7F22646E85Da79953Ac09E9b45EE1b3Be3A42abC,"['Yes', 'No']",0xEDB7AF625443Bec75d53544e091Ee3492ede8BC2,1,0.2244457486671494,,
Curve (CRV),1832851881.415794,1,0xa11d4d1800b91746afe8ead922eb1d37225a32145adf30bbda0cbdba2ef97bd3,1647286339,1647286071,1647889200,0x7F22646E85Da79953Ac09E9b45EE1b3Be3A42abC,"['Yes', 'No']",0x25aD2667B19e866109c1a93102b816730a6Aec3f,1,1.7579177447017695,,
Curve (CRV),1832851881.415794,1,0xa11d4d1800b91746afe8ead922eb1d37225a32145adf30bbda0cbdba2ef97bd3,1647286339,1647286071,1647889200,0x7F22646E85Da79953Ac09E9b45EE1b3Be3A42abC,"['Yes', 'No']",0x3Eaf7bD84eEFf7445E9499956950d5cBa285C973,1,43.06876537917374,,
Curve (CRV),1832851881.415794,1,0xa11d4d1800b91746afe8ead922eb1d37225a32145adf30bbda0cbdba2ef97bd3,1647286339,1647286071,1647889200,0x7F22646E85Da79953Ac09E9b45EE1b3Be3A42abC,"['Yes', 'No']",0x48f88A8D8e4a9dFF33C0A4D857a81A189C2d6e07,1,148.78300767368887,,
Curve (CRV),1832851881.415794,1,0xa11d4d1800b91746afe8ead922eb1d37225a32145adf30bbda0cbdba2ef97bd3,1647286339,1647286071,1647889200,0x7F22646E85Da79953Ac09E9b45EE1b3Be3A42abC,"['Yes', 'No']",0x9796b9443A3FFbc60eAB64F33E368CC19ebA4F33,1,77.1700417678162,,
Curve (CRV),1832851881.415794,1,0xa11d4d1800b91746afe8ead922eb1d37225a32145adf30bbda0cbdba2ef97bd3,1647286339,1647286071,1647889200,0x7F22646E85Da79953Ac09E9b45EE1b3Be3A42abC,"['Yes', 'No']",0xF814a8e1607Aa1d1a33F42a4c9B3b67eAdCE45bD,1,29.722281802604247,,
Curve (CRV),1832851881.415794,1,0xa11d4d1800b91746afe8ead922eb1d37225a32145adf30bbda0cbdba2ef97bd3,1647286339,1647286071,1647889200,0x7F22646E85Da79953Ac09E9b45EE1b3Be3A42abC,"['Yes', 'No']",0x9628bE77Fb3dcd890fD93A5d039092FcA855D3cC,1,1325.9823800447746,,
Curve (CRV),1832851881.415794,1,0xa11d4d1800b91746afe8ead922eb1d37225a32145adf30bbda0cbdba2ef97bd3,1647286339,1647286071,1647889200,0x7F22646E85Da79953Ac09E9b45EE1b3Be3A42abC,"['Yes', 'No']",0x4d477F1aabcFc2FC3FC9b802E861C013E0123AD9,1,24.47347862754442,,
Curve (CRV),1832851881.415794,1,0xa11d4d1800b91746afe8ead922eb1d37225a32145adf30bbda0cbdba2ef97bd3,1647286339,1647286071,1647889200,0x7F22646E85Da79953Ac09E9b45EE1b3Be3A42abC,"['Yes', 'No']",0x766C64d809056fbB492FdB410A6B4857C015619A,1,341.6634673274444,,
Curve (CRV),1832851881.415794,1,0xa11d4d1800b91746afe8ead922eb1d37225a32145adf30bbda0cbdba2ef97bd3,1647286339,1647286071,1647889200,0x7F22646E85Da79953Ac09E9b45EE1b3Be3A42abC,"['Yes', 'No']",0x24fC7A0751BBF53C239cC1D21d2951A5b21f733d,1,24251.369111397085,,
Curve (CRV),1832851881.415794,1,0xa11d4d1800b91746afe8ead922eb1d37225a32145adf30bbda0cbdba2ef97bd3,1647286339,1647286071,1647889200,0x7F22646E85Da79953Ac09E9b45EE1b3Be3A42abC,"['Yes', 'No']",0x08aB4E5199A5E8bD9575bBa899A9561a7cfE8fd6,1,3.683008081006865,,
Curve (CRV),1832851881.415794,1,0xa11d4d1800b91746afe8ead922eb1d37225a32145adf30bbda0cbdba2ef97bd3,1647286339,1647286071,1647889200,0x7F22646E85Da79953Ac09E9b45EE1b3Be3A42abC,"['Yes', 'No']",0x8AB38A0B4410a1cbb1Aa6828Eb948F4942F21Fb9,1,2606.048351303519,,
Curve (CRV),1832851881.415794,1,0xa11d4d1800b91746afe8ead922eb1d37225a32145adf30bbda0cbdba2ef97bd3,1647286339,1647286071,1647889200,0x7F22646E85Da79953Ac09E9b45EE1b3Be3A42abC,"['Yes', 'No']",0x1B1dC2A87150D1f4FEe277060bf27a2aCaaFE4aB,1,2524.82950849816,,
Curve (CRV),1832851881.415794,1,0xa11d4d1800b91746afe8ead922eb1d37225a32145adf30bbda0cbdba2ef97bd3,1647286339,1647286071,1647889200,0x7F22646E85Da79953Ac09E9b45EE1b3Be3A42abC,"['Yes', 'No']",0x7F22646E85Da79953Ac09E9b45EE1b3Be3A42abC,1,639.3271883300555,,
Curve (CRV),1832851881.415794,1,0x026a69e5c9780479332d88fa9779a3cec5a9479d05cc4ca61b1fa9eb099caa73,1645028535,1645028523,1645287723,0x134372af731932277b38e91ECDe002110636Bf1A,"['yes', 'no']",0xEDB7AF625443Bec75d53544e091Ee3492ede8BC2,1,0.3812107132307309,,
Curve (CRV),1832851881.415794,1,0x026a69e5c9780479332d88fa9779a3cec5a9479d05cc4ca61b1fa9eb099caa73,1645028535,1645028523,1645287723,0x134372af731932277b38e91ECDe002110636Bf1A,"['yes', 'no']",0x25aD2667B19e866109c1a93102b816730a6Aec3f,1,1.7935866786165782,,
Curve (CRV),1832851881.415794,1,0x026a69e5c9780479332d88fa9779a3cec5a9479d05cc4ca61b1fa9eb099caa73,1645028535,1645028523,1645287723,0x134372af731932277b38e91ECDe002110636Bf1A,"['yes', 'no']",0xB72eD8401892466Ea8aF528C1af1d0524bc5e105,1,1239.535757843274,,
Curve (CRV),1832851881.415794,1,0x026a69e5c9780479332d88fa9779a3cec5a9479d05cc4ca61b1fa9eb099caa73,1645028535,1645028523,1645287723,0x134372af731932277b38e91ECDe002110636Bf1A,"['yes', 'no']",0x08aB4E5199A5E8bD9575bBa899A9561a7cfE8fd6,1,3.764397354543911,,
Curve (CRV),1832851881.415794,1,0x026a69e5c9780479332d88fa9779a3cec5a9479d05cc4ca61b1fa9eb099caa73,1645028535,1645028523,1645287723,0x134372af731932277b38e91ECDe002110636Bf1A,"['yes', 'no']",0xf05e75e42272Ec60ba6157d647924FD2de7a9495,1,1891.6266956075617,,
Curve (CRV),1832851881.415794,1,0x026a69e5c9780479332d88fa9779a3cec5a9479d05cc4ca61b1fa9eb099caa73,1645028535,1645028523,1645287723,0x134372af731932277b38e91ECDe002110636Bf1A,"['yes', 'no']",0x64beE1b1ad44A48704c38151Ae1eB0Fe09D55163,1,3.814137204489478,,
Curve (CRV),1832851881.415794,1,0x026a69e5c9780479332d88fa9779a3cec5a9479d05cc4ca61b1fa9eb099caa73,1645028535,1645028523,1645287723,0x134372af731932277b38e91ECDe002110636Bf1A,"['yes', 'no']",0xE87a10d5B212D169CCBC9a50Cf5E23DD3da27cb6,1,641.0472120184176,,
Curve (CRV),1832851881.415794,1,0x026a69e5c9780479332d88fa9779a3cec5a9479d05cc4ca61b1fa9eb099caa73,1645028535,1645028523,1645287723,0x134372af731932277b38e91ECDe002110636Bf1A,"['yes', 'no']",0xd9293636EE3Aa663fc563ADB0912B0705dAfb62c,1,14.743203938689764,,
Curve (CRV),1832851881.415794,1,0x026a69e5c9780479332d88fa9779a3cec5a9479d05cc4ca61b1fa9eb099caa73,1645028535,1645028523,1645287723,0x134372af731932277b38e91ECDe002110636Bf1A,"['yes', 'no']",0x3DbaDc86d19416eC16D81aa07fF2609E6241E7E9,1,1.452104740041383,,
Curve (CRV),1832851881.415794,1,0x026a69e5c9780479332d88fa9779a3cec5a9479d05cc4ca61b1fa9eb099caa73,1645028535,1645028523,1645287723,0x134372af731932277b38e91ECDe002110636Bf1A,"['yes', 'no']",0x9eA8848e5b2D74B371F4dF19b1e5E6B251CC0237,1,871.7558481703718,,
Curve (CRV),1832851881.415794,1,0x026a69e5c9780479332d88fa9779a3cec5a9479d05cc4ca61b1fa9eb099caa73,1645028535,1645028523,1645287723,0x134372af731932277b38e91ECDe002110636Bf1A,"['yes', 'no']",0x3070f20f86fDa706Ac380F5060D256028a46eC29,1,402.08653454824923,,
Curve (CRV),1832851881.415794,1,0x026a69e5c9780479332d88fa9779a3cec5a9479d05cc4ca61b1fa9eb099caa73,1645028535,1645028523,1645287723,0x134372af731932277b38e91ECDe002110636Bf1A,"['yes', 'no']",0x96CC80292fa3A7045611EB84aE09DF8bd15936d2,1,1634.0472211911317,,
Curve (CRV),1832851881.415794,1,0x026a69e5c9780479332d88fa9779a3cec5a9479d05cc4ca61b1fa9eb099caa73,1645028535,1645028523,1645287723,0x134372af731932277b38e91ECDe002110636Bf1A,"['yes', 'no']",0x0A251dF99A88A20a93876205Fb7f5Faf2E85A481,1,187.02990074832405,,
Curve (CRV),1832851881.415794,1,QmVgyo2uc9XdGyAKtR2ygMSmNCefPzkeaWhwy4woMvVorR,1643907462,1643907600,1644339600,0x2D8304750A8AC17DC1B9A5Da1c85c0a55f12c3D3,"['Ethereum Mainnet', 'Optimism', 'Arbitrum', 'Polygon']",0xba2ef5189B762bd4C9E7f0b50fBBaB65193935e8,[1],682.7205895541078,,
Curve (CRV),1832851881.415794,1,QmVgyo2uc9XdGyAKtR2ygMSmNCefPzkeaWhwy4woMvVorR,1643907462,1643907600,1644339600,0x2D8304750A8AC17DC1B9A5Da1c85c0a55f12c3D3,"['Ethereum Mainnet', 'Optimism', 'Arbitrum', 'Polygon']",0x4929f4d38F2955649b5aa34343da04cf790B9D92,"[1, 2, 4, 3]",114.8384095572542,,
Curve (CRV),1832851881.415794,1,QmVgyo2uc9XdGyAKtR2ygMSmNCefPzkeaWhwy4woMvVorR,1643907462,1643907600,1644339600,0x2D8304750A8AC17DC1B9A5Da1c85c0a55f12c3D3,"['Ethereum Mainnet', 'Optimism', 'Arbitrum', 'Polygon']",0x3DbaDc86d19416eC16D81aa07fF2609E6241E7E9,[1],1.4682191500599056,,
Curve (CRV),1832851881.415794,1,QmVgyo2uc9XdGyAKtR2ygMSmNCefPzkeaWhwy4woMvVorR,1643907462,1643907600,1644339600,0x2D8304750A8AC17DC1B9A5Da1c85c0a55f12c3D3,"['Ethereum Mainnet', 'Optimism', 'Arbitrum', 'Polygon']",0xd9293636EE3Aa663fc563ADB0912B0705dAfb62c,[1],14.883326211677394,,
Curve (CRV),1832851881.415794,1,QmVgyo2uc9XdGyAKtR2ygMSmNCefPzkeaWhwy4woMvVorR,1643907462,1643907600,1644339600,0x2D8304750A8AC17DC1B9A5Da1c85c0a55f12c3D3,"['Ethereum Mainnet', 'Optimism', 'Arbitrum', 'Polygon']",0x985147809e9C0A677e9c9BED656C984bE037D373,"[4, 3, 2, 1]",481.70750833445203,,
Curve (CRV),1832851881.415794,1,QmVgyo2uc9XdGyAKtR2ygMSmNCefPzkeaWhwy4woMvVorR,1643907462,1643907600,1644339600,0x2D8304750A8AC17DC1B9A5Da1c85c0a55f12c3D3,"['Ethereum Mainnet', 'Optimism', 'Arbitrum', 'Polygon']",0xdac959196d0c87b5F285CF259Ff7d615F7071235,"[4, 1]",265.7695530969157,,
Curve (CRV),1832851881.415794,1,QmVgyo2uc9XdGyAKtR2ygMSmNCefPzkeaWhwy4woMvVorR,1643907462,1643907600,1644339600,0x2D8304750A8AC17DC1B9A5Da1c85c0a55f12c3D3,"['Ethereum Mainnet', 'Optimism', 'Arbitrum', 'Polygon']",0x7F85Cf44E446a4B1AaCe2A28774E88cd6d4e3441,"[4, 1]",6817.277294060528,,
Curve (CRV),1832851881.415794,1,QmVgyo2uc9XdGyAKtR2ygMSmNCefPzkeaWhwy4woMvVorR,1643907462,1643907600,1644339600,0x2D8304750A8AC17DC1B9A5Da1c85c0a55f12c3D3,"['Ethereum Mainnet', 'Optimism', 'Arbitrum', 'Polygon']",0xa42d32B50275415D3D02c9f28BD5d1310F2B55c3,[1],96.9833556176148,,
Curve (CRV),1832851881.415794,1,QmVgyo2uc9XdGyAKtR2ygMSmNCefPzkeaWhwy4woMvVorR,1643907462,1643907600,1644339600,0x2D8304750A8AC17DC1B9A5Da1c85c0a55f12c3D3,"['Ethereum Mainnet', 'Optimism', 'Arbitrum', 'Polygon']",0xF814a8e1607Aa1d1a33F42a4c9B3b67eAdCE45bD,"[1, 4, 2, 3]",30.742806799509196,,
Curve (CRV),1832851881.415794,1,QmVgyo2uc9XdGyAKtR2ygMSmNCefPzkeaWhwy4woMvVorR,1643907462,1643907600,1644339600,0x2D8304750A8AC17DC1B9A5Da1c85c0a55f12c3D3,"['Ethereum Mainnet', 'Optimism', 'Arbitrum', 'Polygon']",0xf05e75e42272Ec60ba6157d647924FD2de7a9495,"[4, 1, 2, 3]",1918.3853698490504,,
Curve (CRV),1832851881.415794,1,QmVgyo2uc9XdGyAKtR2ygMSmNCefPzkeaWhwy4woMvVorR,1643907462,1643907600,1644339600,0x2D8304750A8AC17DC1B9A5Da1c85c0a55f12c3D3,"['Ethereum Mainnet', 'Optimism', 'Arbitrum', 'Polygon']",0x186E20ae3530520C9F3E6C46F2f5d1062b784761,"[1, 4, 2, 3]",135.93716852102796,,
Curve (CRV),1832851881.415794,1,QmVgyo2uc9XdGyAKtR2ygMSmNCefPzkeaWhwy4woMvVorR,1643907462,1643907600,1644339600,0x2D8304750A8AC17DC1B9A5Da1c85c0a55f12c3D3,"['Ethereum Mainnet', 'Optimism', 'Arbitrum', 'Polygon']",0x974f326904b6A568691d81A4AbCe6B0A83063E5E,[1],1043.4987793077025,,
Curve (CRV),1832851881.415794,1,QmVgyo2uc9XdGyAKtR2ygMSmNCefPzkeaWhwy4woMvVorR,1643907462,1643907600,1644339600,0x2D8304750A8AC17DC1B9A5Da1c85c0a55f12c3D3,"['Ethereum Mainnet', 'Optimism', 'Arbitrum', 'Polygon']",0xE985A1A1248b995266869258CD965F1dE11111EC,"[1, 3, 4, 2]",60.970079229755555,,
Curve (CRV),1832851881.415794,1,QmVgyo2uc9XdGyAKtR2ygMSmNCefPzkeaWhwy4woMvVorR,1643907462,1643907600,1644339600,0x2D8304750A8AC17DC1B9A5Da1c85c0a55f12c3D3,"['Ethereum Mainnet', 'Optimism', 'Arbitrum', 'Polygon']",0x08aB4E5199A5E8bD9575bBa899A9561a7cfE8fd6,"[1, 2, 3]",3.804957862648068,,
Curve (CRV),1832851881.415794,1,QmVgyo2uc9XdGyAKtR2ygMSmNCefPzkeaWhwy4woMvVorR,1643907462,1643907600,1644339600,0x2D8304750A8AC17DC1B9A5Da1c85c0a55f12c3D3,"['Ethereum Mainnet', 'Optimism', 'Arbitrum', 'Polygon']",0xa60DD9d42fdD43E91Da63BD261997E14F21C69Fd,"[3, 2, 4, 1]",847.5552167585179,,
Curve (CRV),1832851881.415794,1,QmVgyo2uc9XdGyAKtR2ygMSmNCefPzkeaWhwy4woMvVorR,1643907462,1643907600,1644339600,0x2D8304750A8AC17DC1B9A5Da1c85c0a55f12c3D3,"['Ethereum Mainnet', 'Optimism', 'Arbitrum', 'Polygon']",0x766C64d809056fbB492FdB410A6B4857C015619A,[1],351.169310884829,,
Curve (CRV),1832851881.415794,1,QmVgyo2uc9XdGyAKtR2ygMSmNCefPzkeaWhwy4woMvVorR,1643907462,1643907600,1644339600,0x2D8304750A8AC17DC1B9A5Da1c85c0a55f12c3D3,"['Ethereum Mainnet', 'Optimism', 'Arbitrum', 'Polygon']",0x32a59b87352e980dD6aB1bAF462696D28e63525D,"[1, 2, 3]",30494.446342187846,,
Curve (CRV),1832851881.415794,1,QmVgyo2uc9XdGyAKtR2ygMSmNCefPzkeaWhwy4woMvVorR,1643907462,1643907600,1644339600,0x2D8304750A8AC17DC1B9A5Da1c85c0a55f12c3D3,"['Ethereum Mainnet', 'Optimism', 'Arbitrum', 'Polygon']",0x2C2f838F0DAc3f4915F4A57f3cB63abcd806EE40,[1],732.3293334615202,,
Curve (CRV),1832851881.415794,1,QmVgyo2uc9XdGyAKtR2ygMSmNCefPzkeaWhwy4woMvVorR,1643907462,1643907600,1644339600,0x2D8304750A8AC17DC1B9A5Da1c85c0a55f12c3D3,"['Ethereum Mainnet', 'Optimism', 'Arbitrum', 'Polygon']",0xFB36A48b4E04158b5B9CAD5E29A7bd8d6DCB4B80,[1],8209.414265449635,,
Curve (CRV),1832851881.415794,1,QmVgyo2uc9XdGyAKtR2ygMSmNCefPzkeaWhwy4woMvVorR,1643907462,1643907600,1644339600,0x2D8304750A8AC17DC1B9A5Da1c85c0a55f12c3D3,"['Ethereum Mainnet', 'Optimism', 'Arbitrum', 'Polygon']",0x3070f20f86fDa706Ac380F5060D256028a46eC29,[1],304.70149113082226,,
Curve (CRV),1832851881.415794,1,QmVgyo2uc9XdGyAKtR2ygMSmNCefPzkeaWhwy4woMvVorR,1643907462,1643907600,1644339600,0x2D8304750A8AC17DC1B9A5Da1c85c0a55f12c3D3,"['Ethereum Mainnet', 'Optimism', 'Arbitrum', 'Polygon']",0x1125917201ed36700F86c3CecEC8C5DAfAe280D1,[3],2403.684872430408,,
Curve (CRV),1832851881.415794,1,QmVgyo2uc9XdGyAKtR2ygMSmNCefPzkeaWhwy4woMvVorR,1643907462,1643907600,1644339600,0x2D8304750A8AC17DC1B9A5Da1c85c0a55f12c3D3,"['Ethereum Mainnet', 'Optimism', 'Arbitrum', 'Polygon']",0x2D8304750A8AC17DC1B9A5Da1c85c0a55f12c3D3,"[1, 3, 2, 4]",137025.39541662973,,
Curve (CRV),1832851881.415794,1,0x93cf3af94da45d9a1860e0772faa413e3f234de2dcb1d2d07e5f20d2eb2bcdcf,1643017429,1642996800,1643428800,0x8867979EBf607cE82E54B0E9898CED611cC33cF3,"['s', ' no']",0xE87a10d5B212D169CCBC9a50Cf5E23DD3da27cb6,2,653.7322378921115,,
Curve (CRV),1832851881.415794,1,0x93cf3af94da45d9a1860e0772faa413e3f234de2dcb1d2d07e5f20d2eb2bcdcf,1643017429,1642996800,1643428800,0x8867979EBf607cE82E54B0E9898CED611cC33cF3,"['s', ' no']",0x40a82a3aC2bb08E82133E25cBC6Ca128dc7162aa,1,472.8185599087319,,
Curve (CRV),1832851881.415794,1,0x93cf3af94da45d9a1860e0772faa413e3f234de2dcb1d2d07e5f20d2eb2bcdcf,1643017429,1642996800,1643428800,0x8867979EBf607cE82E54B0E9898CED611cC33cF3,"['s', ' no']",0xd9293636EE3Aa663fc563ADB0912B0705dAfb62c,1,14.994556986415256,,
Curve (CRV),1832851881.415794,1,0x93cf3af94da45d9a1860e0772faa413e3f234de2dcb1d2d07e5f20d2eb2bcdcf,1643017429,1642996800,1643428800,0x8867979EBf607cE82E54B0E9898CED611cC33cF3,"['s', ' no']",0xB9b93bF2DB3678b010E71Ef701d763Aee144E93E,1,0.007736953546648412,,
Curve (CRV),1832851881.415794,1,0xf29dd4b52b58f6a4a97bd276d2eb29be50dd66c6652edeabf1fdadc346450639,1643017347,1642996800,1643428800,0x677b884877074f1dE234F9ea3c747e057E2B74d3,"['', '']",0xE87a10d5B212D169CCBC9a50Cf5E23DD3da27cb6,2,653.7326604889382,,
Curve (CRV),1832851881.415794,1,0xf29dd4b52b58f6a4a97bd276d2eb29be50dd66c6652edeabf1fdadc346450639,1643017347,1642996800,1643428800,0x677b884877074f1dE234F9ea3c747e057E2B74d3,"['', '']",0x40a82a3aC2bb08E82133E25cBC6Ca128dc7162aa,2,472.8188149549879,,
Curve (CRV),1832851881.415794,1,0xf29dd4b52b58f6a4a97bd276d2eb29be50dd66c6652edeabf1fdadc346450639,1643017347,1642996800,1643428800,0x677b884877074f1dE234F9ea3c747e057E2B74d3,"['', '']",0xd9293636EE3Aa663fc563ADB0912B0705dAfb62c,2,14.994565360146726,,
Curve (CRV),1832851881.415794,1,0xf29dd4b52b58f6a4a97bd276d2eb29be50dd66c6652edeabf1fdadc346450639,1643017347,1642996800,1643428800,0x677b884877074f1dE234F9ea3c747e057E2B74d3,"['', '']",0xf05e75e42272Ec60ba6157d647924FD2de7a9495,2,1939.6283319658169,,
Curve (CRV),1832851881.415794,1,0x3b2d049f0f9b674ca46c8bba495b4ad2aebc8f43fb065d6c065c25f67bbb94a2,1643017280,1642996800,1643428800,0x35Da0dF0937482790A3d709DF8d1B5c214a543E7,"['OUI', 'NON']",0x40a82a3aC2bb08E82133E25cBC6Ca128dc7162aa,1,472.8191613610968,,
Curve (CRV),1832851881.415794,1,0x3b2d049f0f9b674ca46c8bba495b4ad2aebc8f43fb065d6c065c25f67bbb94a2,1643017280,1642996800,1643428800,0x35Da0dF0937482790A3d709DF8d1B5c214a543E7,"['OUI', 'NON']",0xd9293636EE3Aa663fc563ADB0912B0705dAfb62c,1,14.994576733423797,,
Curve (CRV),1832851881.415794,1,0x4ebcc4c4b5f662fba54bdda5c4921ab60796dd7c5bb3baa60576e13b27446815,1643017166,1642996800,1643428800,0x31A0B17b104fE09e03dE379af94c4D633077316b,"['YES', 'NO']",0x40a82a3aC2bb08E82133E25cBC6Ca128dc7162aa,2,472.81984655999344,,
Curve (CRV),1832851881.415794,1,0x4ebcc4c4b5f662fba54bdda5c4921ab60796dd7c5bb3baa60576e13b27446815,1643017166,1642996800,1643428800,0x31A0B17b104fE09e03dE379af94c4D633077316b,"['YES', 'NO']",0xd9293636EE3Aa663fc563ADB0912B0705dAfb62c,1,14.994599230015806,,
Curve (CRV),1832851881.415794,1,0xeb4d67f48319b2ee6e2dde7ce8fd69932979dc1ccf654734d3a2cbca60ca86cd,1642778313,1642824000,1643601600,0x8e9B29fFd09E40C2f990a826071D9388C636c124,"['yes', 'no']",0xf05e75e42272Ec60ba6157d647924FD2de7a9495,1,1945.3353636422128,,
Curve (CRV),1832851881.415794,1,0xeb4d67f48319b2ee6e2dde7ce8fd69932979dc1ccf654734d3a2cbca60ca86cd,1642778313,1642824000,1643601600,0x8e9B29fFd09E40C2f990a826071D9388C636c124,"['yes', 'no']",0x25aD2667B19e866109c1a93102b816730a6Aec3f,1,1.8292651413238774,,
Curve (CRV),1832851881.415794,1,0xeb4d67f48319b2ee6e2dde7ce8fd69932979dc1ccf654734d3a2cbca60ca86cd,1642778313,1642824000,1643601600,0x8e9B29fFd09E40C2f990a826071D9388C636c124,"['yes', 'no']",0x40a82a3aC2bb08E82133E25cBC6Ca128dc7162aa,1,473.7290483959733,,
Curve (CRV),1832851881.415794,1,0xeb4d67f48319b2ee6e2dde7ce8fd69932979dc1ccf654734d3a2cbca60ca86cd,1642778313,1642824000,1643601600,0x8e9B29fFd09E40C2f990a826071D9388C636c124,"['yes', 'no']",0x3DbaDc86d19416eC16D81aa07fF2609E6241E7E9,1,1.4844487751175743,,
Curve (CRV),1832851881.415794,1,0xeb4d67f48319b2ee6e2dde7ce8fd69932979dc1ccf654734d3a2cbca60ca86cd,1642778313,1642824000,1643601600,0x8e9B29fFd09E40C2f990a826071D9388C636c124,"['yes', 'no']",0xd9293636EE3Aa663fc563ADB0912B0705dAfb62c,1,15.024450332895828,,
Curve (CRV),1832851881.415794,1,0x6529d73d380add5409ccb1cab6fb61462a3bda7ac02a49494fab2b46e5ca52f4,1642750595,1642737600,1643256000,0x99253289db2D348c9226E7F3d0680437E0C7aba7,"['Oui', 'Non']",0x40a82a3aC2bb08E82133E25cBC6Ca128dc7162aa,2,473.8343672730528,,
Curve (CRV),1832851881.415794,1,0x6529d73d380add5409ccb1cab6fb61462a3bda7ac02a49494fab2b46e5ca52f4,1642750595,1642737600,1643256000,0x99253289db2D348c9226E7F3d0680437E0C7aba7,"['Oui', 'Non']",0xd9293636EE3Aa663fc563ADB0912B0705dAfb62c,1,15.027908184068687,,
Curve (CRV),1832851881.415794,1,0x6529d73d380add5409ccb1cab6fb61462a3bda7ac02a49494fab2b46e5ca52f4,1642750595,1642737600,1643256000,0x99253289db2D348c9226E7F3d0680437E0C7aba7,"['Oui', 'Non']",0xf05e75e42272Ec60ba6157d647924FD2de7a9495,2,1945.9956977285592,,
Curve (CRV),1832851881.415794,1,0x08a72b745723dca7a099f2f8eded681d6147155ad901c3796a276515696a7b10,1642750513,1642737600,1643169600,0x4af4e1E6F6c4b80b578B1f5c147103a2f0E298De,"['YES', 'NO']",0x40a82a3aC2bb08E82133E25cBC6Ca128dc7162aa,2,473.8345842527034,,
Curve (CRV),1832851881.415794,1,0x08a72b745723dca7a099f2f8eded681d6147155ad901c3796a276515696a7b10,1642750513,1642737600,1643169600,0x4af4e1E6F6c4b80b578B1f5c147103a2f0E298De,"['YES', 'NO']",0xBBa7f4fA59362E68CD4081F5a098e1d9c01FC552,1,92.1081487482564,,
Curve (CRV),1832851881.415794,1,0x08a72b745723dca7a099f2f8eded681d6147155ad901c3796a276515696a7b10,1642750513,1642737600,1643169600,0x4af4e1E6F6c4b80b578B1f5c147103a2f0E298De,"['YES', 'NO']",0xd9293636EE3Aa663fc563ADB0912B0705dAfb62c,1,15.02791530798949,,
Curve (CRV),1832851881.415794,1,0x08a72b745723dca7a099f2f8eded681d6147155ad901c3796a276515696a7b10,1642750513,1642737600,1643169600,0x4af4e1E6F6c4b80b578B1f5c147103a2f0E298De,"['YES', 'NO']",0xf05e75e42272Ec60ba6157d647924FD2de7a9495,2,1945.997058159503,,
Curve (CRV),1832851881.415794,1,0xfa37c539a46ac27bbaaf9371681965341fb46e93d6f6263d17c677e6adb68230,1642750418,1642737600,1643169600,0x7E652Fad337Dafa898E8d2c6053c9531Dd505572,"['', '']",0x40a82a3aC2bb08E82133E25cBC6Ca128dc7162aa,1,473.83490401218853,,
Curve (CRV),1832851881.415794,1,0xfa37c539a46ac27bbaaf9371681965341fb46e93d6f6263d17c677e6adb68230,1642750418,1642737600,1643169600,0x7E652Fad337Dafa898E8d2c6053c9531Dd505572,"['', '']",0xd9293636EE3Aa663fc563ADB0912B0705dAfb62c,1,15.027925806399095,,
Curve (CRV),1832851881.415794,1,0xfa37c539a46ac27bbaaf9371681965341fb46e93d6f6263d17c677e6adb68230,1642750418,1642737600,1643169600,0x7E652Fad337Dafa898E8d2c6053c9531Dd505572,"['', '']",0xf05e75e42272Ec60ba6157d647924FD2de7a9495,2,1945.9990630051045,,
Curve (CRV),1832851881.415794,1,0x3dbcf83cb344f0a44990b3552dae5389b984cb2d0615f46f4b982b5661ecd549,1642261441,1642219200,1642651200,0xba544D5E2bdc30112185474cA6Ad5a0a3DDDcb17,"['BTC', 'ETH', 'XRP', 'BCH', 'LTC', 'ADA', 'NEO']",0x86587327A9DBEa6EF2D4fbc142Be241801B858b2,2,13498.441083512136,,
Curve (CRV),1832851881.415794,1,0x3dbcf83cb344f0a44990b3552dae5389b984cb2d0615f46f4b982b5661ecd549,1642261441,1642219200,1642651200,0xba544D5E2bdc30112185474cA6Ad5a0a3DDDcb17,"['BTC', 'ETH', 'XRP', 'BCH', 'LTC', 'ADA', 'NEO']",0x852E45eD1a6502406Af4c409DF4e0Eef3CC0A0E3,2,558.7542966609365,,
Curve (CRV),1832851881.415794,1,0x3dbcf83cb344f0a44990b3552dae5389b984cb2d0615f46f4b982b5661ecd549,1642261441,1642219200,1642651200,0xba544D5E2bdc30112185474cA6Ad5a0a3DDDcb17,"['BTC', 'ETH', 'XRP', 'BCH', 'LTC', 'ADA', 'NEO']",0xd9293636EE3Aa663fc563ADB0912B0705dAfb62c,2,15.089043922663976,,
Curve (CRV),1832851881.415794,1,0x3dbcf83cb344f0a44990b3552dae5389b984cb2d0615f46f4b982b5661ecd549,1642261441,1642219200,1642651200,0xba544D5E2bdc30112185474cA6Ad5a0a3DDDcb17,"['BTC', 'ETH', 'XRP', 'BCH', 'LTC', 'ADA', 'NEO']",0xc0ad5d21fF19A4E85b016BfD53cED8842995C151,2,111.79770941906966,,
Curve (CRV),1832851881.415794,1,0x3dbcf83cb344f0a44990b3552dae5389b984cb2d0615f46f4b982b5661ecd549,1642261441,1642219200,1642651200,0xba544D5E2bdc30112185474cA6Ad5a0a3DDDcb17,"['BTC', 'ETH', 'XRP', 'BCH', 'LTC', 'ADA', 'NEO']",0xD22f19c7C52B89f1BD1b5631Dd2919c3f152c8ec,2,1709.463476788411,,
Curve (CRV),1832851881.415794,1,0x3dbcf83cb344f0a44990b3552dae5389b984cb2d0615f46f4b982b5661ecd549,1642261441,1642219200,1642651200,0xba544D5E2bdc30112185474cA6Ad5a0a3DDDcb17,"['BTC', 'ETH', 'XRP', 'BCH', 'LTC', 'ADA', 'NEO']",0x51A23045dB018780dd40C890C62368C187E8d179,2,170.4295657400204,,
Curve (CRV),1832851881.415794,1,0x3dbcf83cb344f0a44990b3552dae5389b984cb2d0615f46f4b982b5661ecd549,1642261441,1642219200,1642651200,0xba544D5E2bdc30112185474cA6Ad5a0a3DDDcb17,"['BTC', 'ETH', 'XRP', 'BCH', 'LTC', 'ADA', 'NEO']",0x00ea67d1E6caB97994e75C800bC65bF632598802,1,123.28942309392276,,
Curve (CRV),1832851881.415794,1,0x3dbcf83cb344f0a44990b3552dae5389b984cb2d0615f46f4b982b5661ecd549,1642261441,1642219200,1642651200,0xba544D5E2bdc30112185474cA6Ad5a0a3DDDcb17,"['BTC', 'ETH', 'XRP', 'BCH', 'LTC', 'ADA', 'NEO']",0x922C3800C278c5d45E282F6B83FE0bfC713e3eb3,1,653.6629398123584,,
Curve (CRV),1832851881.415794,1,0x3dbcf83cb344f0a44990b3552dae5389b984cb2d0615f46f4b982b5661ecd549,1642261441,1642219200,1642651200,0xba544D5E2bdc30112185474cA6Ad5a0a3DDDcb17,"['BTC', 'ETH', 'XRP', 'BCH', 'LTC', 'ADA', 'NEO']",0xf05e75e42272Ec60ba6157d647924FD2de7a9495,4,1957.6705819472054,,
Curve (CRV),1832851881.415794,1,0x3dbcf83cb344f0a44990b3552dae5389b984cb2d0615f46f4b982b5661ecd549,1642261441,1642219200,1642651200,0xba544D5E2bdc30112185474cA6Ad5a0a3DDDcb17,"['BTC', 'ETH', 'XRP', 'BCH', 'LTC', 'ADA', 'NEO']",0x9f63D8C42CD762C36BB3a63a13fdC3b7EEefa853,2,981.0584570015039,,
Curve (CRV),1832851881.415794,1,0xfcde35b370138d0638ba97b8bee508fc436b0ccbfc9d2bc68a534c69013f13c8,1642061472,1642046400,1642478400,0x7d381e85493B73aeEbc8D294425330D6F8cf6Cc5,"[' Oui', ' Non']",0x3DbaDc86d19416eC16D81aa07fF2609E6241E7E9,1,1.494751092345484,,
Curve (CRV),1832851881.415794,1,0xfcde35b370138d0638ba97b8bee508fc436b0ccbfc9d2bc68a534c69013f13c8,1642061472,1642046400,1642478400,0x7d381e85493B73aeEbc8D294425330D6F8cf6Cc5,"[' Oui', ' Non']",0x9628bE77Fb3dcd890fD93A5d039092FcA855D3cC,1,1407.4889906129977,,
Curve (CRV),1832851881.415794,1,0xfcde35b370138d0638ba97b8bee508fc436b0ccbfc9d2bc68a534c69013f13c8,1642061472,1642046400,1642478400,0x7d381e85493B73aeEbc8D294425330D6F8cf6Cc5,"[' Oui', ' Non']",0xbbC02dbD39941FFFa605171A977D44C6BAF915c2,1,25.720875379341432,,
Curve (CRV),1832851881.415794,1,0xfcde35b370138d0638ba97b8bee508fc436b0ccbfc9d2bc68a534c69013f13c8,1642061472,1642046400,1642478400,0x7d381e85493B73aeEbc8D294425330D6F8cf6Cc5,"[' Oui', ' Non']",0x082B9B776E5d0b1771594676D12619F479B0a69c,1,9.083780254649493,,
Curve (CRV),1832851881.415794,1,0xfcde35b370138d0638ba97b8bee508fc436b0ccbfc9d2bc68a534c69013f13c8,1642061472,1642046400,1642478400,0x7d381e85493B73aeEbc8D294425330D6F8cf6Cc5,"[' Oui', ' Non']",0xd9293636EE3Aa663fc563ADB0912B0705dAfb62c,1,15.114033761972973,,
Curve (CRV),1832851881.415794,1,0xd4b0b42b7f63dafac112651ebdb74d7ce4861e88d9df292838e67f3aafa6af80,1642061368,1642046400,1642478400,0xAEC6fA3a05367d016a47856a6B4B3CB8D89f8B60,"['', '']",0xC5b41fB105883bCd59cEef072B5b6BdbC5df31dA,2,91.58082914479931,,
Curve (CRV),1832851881.415794,1,0xd4b0b42b7f63dafac112651ebdb74d7ce4861e88d9df292838e67f3aafa6af80,1642061368,1642046400,1642478400,0xAEC6fA3a05367d016a47856a6B4B3CB8D89f8B60,"['', '']",0x082B9B776E5d0b1771594676D12619F479B0a69c,2,9.083789561607148,,
Curve (CRV),1832851881.415794,1,0xd4b0b42b7f63dafac112651ebdb74d7ce4861e88d9df292838e67f3aafa6af80,1642061368,1642046400,1642478400,0xAEC6fA3a05367d016a47856a6B4B3CB8D89f8B60,"['', '']",0xd9293636EE3Aa663fc563ADB0912B0705dAfb62c,1,15.114049634568445,,
Curve (CRV),1832851881.415794,1,0xd4b0b42b7f63dafac112651ebdb74d7ce4861e88d9df292838e67f3aafa6af80,1642061368,1642046400,1642478400,0xAEC6fA3a05367d016a47856a6B4B3CB8D89f8B60,"['', '']",0xf05e75e42272Ec60ba6157d647924FD2de7a9495,2,1962.445837763155,,
Curve (CRV),1832851881.415794,1,0xaec626e8d32d19eb4a2dea23b74e60be6973426be4e8220745d1db15edab874c,1642061270,1642046400,1642478400,0xc02bBcEc0b64745077F1F3eeB89fE0aEb53AFE94,"['YES', 'NO']",0xD22f19c7C52B89f1BD1b5631Dd2919c3f152c8ec,2,1712.37017053524,,
Curve (CRV),1832851881.415794,1,0xaec626e8d32d19eb4a2dea23b74e60be6973426be4e8220745d1db15edab874c,1642061270,1642046400,1642478400,0xc02bBcEc0b64745077F1F3eeB89fE0aEb53AFE94,"['YES', 'NO']",0xd9293636EE3Aa663fc563ADB0912B0705dAfb62c,1,15.114058008299915,,
Curve (CRV),1832851881.415794,1,0x14cfc26c17e75d13f2a89a5d26231ac1d70188c404394ce787f692295398cf90,1641366281,1641369600,1641628800,0xE5f9C34c6Cc650Dcf0346806f00bb954A41D314D,"['For', 'Against', 'Abstain']",0x5e5a9faDb7e343F11e9b2619eb7e40CdC3EA636a,1,577.2669581348325,,
Curve (CRV),1832851881.415794,1,0x14cfc26c17e75d13f2a89a5d26231ac1d70188c404394ce787f692295398cf90,1641366281,1641369600,1641628800,0xE5f9C34c6Cc650Dcf0346806f00bb954A41D314D,"['For', 'Against', 'Abstain']",0x64beE1b1ad44A48704c38151Ae1eB0Fe09D55163,1,3.930176669733903,,
Curve (CRV),1832851881.415794,1,0x14cfc26c17e75d13f2a89a5d26231ac1d70188c404394ce787f692295398cf90,1641366281,1641369600,1641628800,0xE5f9C34c6Cc650Dcf0346806f00bb954A41D314D,"['For', 'Against', 'Abstain']",0xa1C7bd2e48f7f3922e201705f3491C841135F483,1,1219.43030555642,,
Curve (CRV),1832851881.415794,1,0x14cfc26c17e75d13f2a89a5d26231ac1d70188c404394ce787f692295398cf90,1641366281,1641369600,1641628800,0xE5f9C34c6Cc650Dcf0346806f00bb954A41D314D,"['For', 'Against', 'Abstain']",0xf05e75e42272Ec60ba6157d647924FD2de7a9495,1,1979.0395151959247,,
Curve (CRV),1832851881.415794,1,0x14cfc26c17e75d13f2a89a5d26231ac1d70188c404394ce787f692295398cf90,1641366281,1641369600,1641628800,0xE5f9C34c6Cc650Dcf0346806f00bb954A41D314D,"['For', 'Against', 'Abstain']",0x852E45eD1a6502406Af4c409DF4e0Eef3CC0A0E3,1,569.5498227739497,,
Curve (CRV),1832851881.415794,1,0x14cfc26c17e75d13f2a89a5d26231ac1d70188c404394ce787f692295398cf90,1641366281,1641369600,1641628800,0xE5f9C34c6Cc650Dcf0346806f00bb954A41D314D,"['For', 'Against', 'Abstain']",0xAD549C7fcF1bd3E57BCa464D9Dce0A0D561599D1,1,91.52621280215452,,
Curve (CRV),1832851881.415794,1,0x14cfc26c17e75d13f2a89a5d26231ac1d70188c404394ce787f692295398cf90,1641366281,1641369600,1641628800,0xE5f9C34c6Cc650Dcf0346806f00bb954A41D314D,"['For', 'Against', 'Abstain']",0xb74125Df13CB9194D93d8b62e0DB30352f2B8001,1,566.4174956379525,,
Curve (CRV),1832851881.415794,1,0x14cfc26c17e75d13f2a89a5d26231ac1d70188c404394ce787f692295398cf90,1641366281,1641369600,1641628800,0xE5f9C34c6Cc650Dcf0346806f00bb954A41D314D,"['For', 'Against', 'Abstain']",0xa8bF0cD4D76D92Cb345e81999029f3174A219305,1,2039.778325913226,,
Curve (CRV),1832851881.415794,1,0x14cfc26c17e75d13f2a89a5d26231ac1d70188c404394ce787f692295398cf90,1641366281,1641369600,1641628800,0xE5f9C34c6Cc650Dcf0346806f00bb954A41D314D,"['For', 'Against', 'Abstain']",0xd9293636EE3Aa663fc563ADB0912B0705dAfb62c,1,15.20094272120344,,
Curve (CRV),1832851881.415794,1,0x14cfc26c17e75d13f2a89a5d26231ac1d70188c404394ce787f692295398cf90,1641366281,1641369600,1641628800,0xE5f9C34c6Cc650Dcf0346806f00bb954A41D314D,"['For', 'Against', 'Abstain']",0x31B87a9636DC5626a9C1B9AA730cbD17158d701F,2,2.4823765695278777,,
Curve (CRV),1832851881.415794,1,0x14cfc26c17e75d13f2a89a5d26231ac1d70188c404394ce787f692295398cf90,1641366281,1641369600,1641628800,0xE5f9C34c6Cc650Dcf0346806f00bb954A41D314D,"['For', 'Against', 'Abstain']",0x3DbaDc86d19416eC16D81aa07fF2609E6241E7E9,1,1.504745838886931,,
Curve (CRV),1832851881.415794,1,0x97ae5c4463cbd9539dfac4d64c726d09fc610c3bb28cff4f1238cce301a61126,1641359160,1641355200,1641787200,0xAe2A8aD625E3ED0659FA55C15aCa606D977eBBE0,"['', ' ']",0xba2ef5189B762bd4C9E7f0b50fBBaB65193935e8,1,703.2821670257346,,
Curve (CRV),1832851881.415794,1,0x97ae5c4463cbd9539dfac4d64c726d09fc610c3bb28cff4f1238cce301a61126,1641359160,1641355200,1641787200,0xAe2A8aD625E3ED0659FA55C15aCa606D977eBBE0,"['', ' ']",0xf05e75e42272Ec60ba6157d647924FD2de7a9495,1,1979.2047717547805,,
Curve (CRV),1832851881.415794,1,0x97ae5c4463cbd9539dfac4d64c726d09fc610c3bb28cff4f1238cce301a61126,1641359160,1641355200,1641787200,0xAe2A8aD625E3ED0659FA55C15aCa606D977eBBE0,"['', ' ']",0xd9293636EE3Aa663fc563ADB0912B0705dAfb62c,1,15.201808090109388,,
Curve (CRV),1832851881.415794,1,0x188d497241aab9ce9f26317bd3c538edd127392fa01791dcaf25b8c7d96ee6b7,1641359073,1641355200,1641787200,0xd15a7c1600e4F15CBE8aB301C1B654D38C38b61e,"[' Oui', ' non']",0xb74125Df13CB9194D93d8b62e0DB30352f2B8001,1,566.4583111510817,,
Curve (CRV),1832851881.415794,1,0x188d497241aab9ce9f26317bd3c538edd127392fa01791dcaf25b8c7d96ee6b7,1641359073,1641355200,1641787200,0xd15a7c1600e4F15CBE8aB301C1B654D38C38b61e,"[' Oui', ' non']",0xd9293636EE3Aa663fc563ADB0912B0705dAfb62c,1,15.20182021327286,,
Curve (CRV),1832851881.415794,1,0x6380932e0341a6e85c29e5bc1ed20401a8b3b903a532e56c073884328d55ff2c,1641358820,1641355200,1641787200,0xea2C839d0D644Ed26F13F7c6B40206EB7287C9c1,"['YES', 'NO']",0x1AE6912E08bB3e105a4f0A60f666376D3c7aF380,1,95.93059828118894,,
Curve (CRV),1832851881.415794,1,0x6380932e0341a6e85c29e5bc1ed20401a8b3b903a532e56c073884328d55ff2c,1641358820,1641355200,1641787200,0xea2C839d0D644Ed26F13F7c6B40206EB7287C9c1,"['YES', 'NO']",0xB19f6698d63D51Cfa0D6eb4490ca83Fcd640F462,1,1803.4822630480421,,
Curve (CRV),1832851881.415794,1,0x6380932e0341a6e85c29e5bc1ed20401a8b3b903a532e56c073884328d55ff2c,1641358820,1641355200,1641787200,0xea2C839d0D644Ed26F13F7c6B40206EB7287C9c1,"['YES', 'NO']",0x7246A274656E797FaB4b02Eb1E0581D46F0358e2,2,15.657995306943583,,
Curve (CRV),1832851881.415794,1,0x6380932e0341a6e85c29e5bc1ed20401a8b3b903a532e56c073884328d55ff2c,1641358820,1641355200,1641787200,0xea2C839d0D644Ed26F13F7c6B40206EB7287C9c1,"['YES', 'NO']",0x852E45eD1a6502406Af4c409DF4e0Eef3CC0A0E3,2,569.6374939354794,,
Curve (CRV),1832851881.415794,1,0x6380932e0341a6e85c29e5bc1ed20401a8b3b903a532e56c073884328d55ff2c,1641358820,1641355200,1641787200,0xea2C839d0D644Ed26F13F7c6B40206EB7287C9c1,"['YES', 'NO']",0xd9293636EE3Aa663fc563ADB0912B0705dAfb62c,1,15.20185145853954,,
Curve (CRV),1832851881.415794,1,0x6380932e0341a6e85c29e5bc1ed20401a8b3b903a532e56c073884328d55ff2c,1641358820,1641355200,1641787200,0xea2C839d0D644Ed26F13F7c6B40206EB7287C9c1,"['YES', 'NO']",0xFCFA4369EAa965AC4e36f1Dd9fd2852C6542b0F7,2,90.44723926620478,,
